order_id,order_date,customer_id,product_id,quantity,unit_price,discount,channel,full_name,email,province,product_name,category,standard_price,active_flag,payment_id,payment_method,payment_status,paid_at,net_sales
ORD000001,2026-01-08 17:11:00,C0158,P039,2,940.5,0.0,Marketplace,ลูกค้า 158,customer158@example.com,เชียงใหม่,Notebook Model 39,Notebook,990.0,N,PAY000001,Bank Transfer,PAID,2026-01-08T17:30:00,1881.0
ORD000002,2026-01-12 20:13:00,C0123,P038,1,12900.0,0.1,Mobile App,ลูกค้า 123,customer123@example.com,ระยอง,Smartphone Model 38,Smartphone,12900.0,N,PAY000002,Bank Transfer,PAID,2026-01-12T22:58:00,11610.0
ORD000003,2026-01-26 14:00:00,C0119,P031,3,1415.5,0.05,Web,ลูกค้า 119,customer119@example.com,ขอนแก่น,Smart Home Model 31,Smart Home,1490.0,Y,PAY000003,PromptPay,PAID,2026-01-26T14:03:00,4034.18
ORD000004,2026-01-18 16:18:00,C0065,P003,2,25900.0,0.0,Mobile App,ลูกค้า 065,customer065@example.com,ขอนแก่น,Smartphone Model 03,Smartphone,25900.0,Y,PAY000004,Bank Transfer,PAID,2026-01-18T18:24:00,51800.0
ORD000005,2026-01-08 17:43:00,C0129,P007,2,23310.0,0.05,Mobile App,ลูกค้า 129,customer129@example.com,กรุงเทพมหานคร,Notebook Model 07,Notebook,25900.0,Y,PAY000005,Credit Card,PAID,2026-01-08T20:03:00,44289.0
ORD000006,2026-01-23 11:50:00,C0097,P037,2,27195.0,0.0,Mobile App,ลูกค้า 097,customer097@example.com,เชียงใหม่,Smart Home Model 37,Smart Home,25900.0,Y,PAY000006,Bank Transfer,PAID,2026-01-23T12:37:00,54390.0
ORD000007,2026-01-24 07:03:00,C0139,P001,1,284.05,0.0,Web,ลูกค้า 139,customer139@example.com,ระยอง,Notebook Model 01,Notebook,299.0,Y,PAY000007,Bank Transfer,PAID,2026-01-24T09:09:00,284.05
ORD000010,2026-01-07 03:12:00,C0100,P017,2,990.0,0.1,Mobile App,ลูกค้า 100,customer100@example.com,กรุงเทพมหานคร,Smartphone Model 17,Smartphone,990.0,Y,PAY000010,Bank Transfer,PAID,2026-01-07T04:36:00,1782.0
ORD000011,2026-01-12 14:34:00,C0120,P028,2,313.95,0.0,Web,ลูกค้า 120,customer120@example.com,ขอนแก่น,Smartphone Model 28,Smartphone,299.0,Y,PAY000011,Credit Card,PAID,2026-01-12T16:27:00,627.9
ORD000012,2026-01-08 22:35:00,C0141,P008,2,449.1,0.05,Marketplace,ลูกค้า 141,customer141@example.com,กรุงเทพมหานคร,Accessory Model 08,Accessory,499.0,Y,PAY000012,Bank Transfer,PAID,2026-01-08T23:43:00,853.29
ORD000013,2026-01-27 22:41:00,C0110,P002,2,1341.0,0.0,Mobile App,ลูกค้า 110,customer110@example.com,เชียงใหม่,Smartphone Model 02,Smartphone,1490.0,Y,PAY000013,Bank Transfer,PAID,2026-01-28T01:23:00,2682.0
ORD000014,2026-01-20 07:11:00,C0142,P017,4,990.0,0.0,Marketplace,ลูกค้า 142,customer142@example.com,ชลบุรี,Smartphone Model 17,Smartphone,990.0,Y,PAY000014,Credit Card,PAID,2026-01-20T09:42:00,3960.0
ORD000015,2026-01-04 13:47:00,C0151,P018,2,4189.5,0.0,Web,ลูกค้า 151,customer151@example.com,ชลบุรี,Smartphone Model 18,Smartphone,3990.0,Y,PAY000015,Bank Transfer,PAID,2026-01-04T15:28:00,8379.0
ORD000016,2026-01-18 06:47:00,C0072,P006,1,313.95,0.0,Mobile App,ลูกค้า 072,customer072@example.com,เชียงใหม่,Accessory Model 06,Accessory,299.0,Y,PAY000016,Bank Transfer,PAID,2026-01-18T07:49:00,313.95
ORD000017,2026-01-27 00:37:00,C0048,P019,2,3591.0,0.0,Mobile App,ลูกค้า 048,customer048@example.com,กรุงเทพมหานคร,Smartphone Model 19,Smartphone,3990.0,Y,PAY000017,Bank Transfer,PAID,2026-01-27T03:19:00,7182.0
ORD000018,2026-01-05 02:59:00,C0037,P001,3,299.0,0.0,Marketplace,ลูกค้า 037,customer037@example.com,ภูเก็ต,Notebook Model 01,Notebook,299.0,Y,PAY000018,Bank Transfer,PAID,2026-01-05T03:24:00,897.0
ORD000019,2026-01-14 22:23:00,C0159,P019,1,4189.5,0.1,Web,ลูกค้า 159,customer159@example.com,ภูเก็ต,Smartphone Model 19,Smartphone,3990.0,Y,PAY000019,PromptPay,PAID,2026-01-15T00:15:00,3770.55
ORD000020,2026-01-08 21:53:00,C0115,P007,1,25900.0,0.0,Web,ลูกค้า 115,customer115@example.com,ระยอง,Notebook Model 07,Notebook,25900.0,Y,PAY000020,Credit Card,PAID,2026-01-08T22:34:00,25900.0
ORD000021,2026-01-18 02:04:00,C0007,P007,1,27195.0,0.05,Web,ลูกค้า 007,customer007@example.com,กรุงเทพมหานคร,Notebook Model 07,Notebook,25900.0,Y,PAY000021,Bank Transfer,PAID,2026-01-18T03:13:00,25835.25
ORD000024,2026-01-28 11:43:00,C0042,P033,1,13545.0,0.0,Marketplace,ลูกค้า 042,customer042@example.com,ระยอง,Smart Home Model 33,Smart Home,12900.0,Y,PAY000024,Bank Transfer,PAID,2026-01-28T13:44:00,13545.0
ORD000025,2026-01-07 13:04:00,C0079,P011,1,25900.0,0.0,Web,ลูกค้า 079,customer079@example.com,ภูเก็ต,Accessory Model 11,Accessory,25900.0,Y,PAY000025,Credit Card,PAID,2026-01-07T15:39:00,25900.0
ORD000026,2026-01-04 19:15:00,C0107,P008,1,499.0,0.0,Mobile App,ลูกค้า 107,customer107@example.com,ระยอง,Accessory Model 08,Accessory,499.0,Y,PAY000026,Credit Card,PAID,2026-01-04T20:27:00,499.0
ORD000027,2026-01-23 14:12:00,C0143,P019,2,3790.5,0.1,Web,ลูกค้า 143,customer143@example.com,เชียงใหม่,Smartphone Model 19,Smartphone,3990.0,Y,PAY000027,Credit Card,PAID,2026-01-23T15:21:00,6822.9
ORD000028,2026-01-08 05:59:00,C0139,P013,4,523.95,0.0,Mobile App,ลูกค้า 139,customer139@example.com,ระยอง,Smart Home Model 13,Smart Home,499.0,Y,PAY000028,Credit Card,PAID,2026-01-08T08:06:00,2095.8
ORD000030,2026-01-10 12:26:00,C0003,P006,1,299.0,0.05,Mobile App,ลูกค้า 003,customer003@example.com,ขอนแก่น,Accessory Model 06,Accessory,299.0,Y,PAY000030,PromptPay,PAID,2026-01-10T14:50:00,284.05
ORD000031,2026-01-16 18:33:00,C0087,P027,1,24605.0,0.0,Web,ลูกค้า 087,,กรุงเทพมหานคร,Smartphone Model 27,Smartphone,25900.0,Y,PAY000031,PromptPay,PAID,2026-01-16T18:52:00,24605.0
ORD000032,2026-01-01 14:52:00,C0085,P035,1,25900.0,0.0,Mobile App,ลูกค้า 085,customer085@example.com,กรุงเทพมหานคร,Accessory Model 35,Accessory,25900.0,Y,PAY000032,Bank Transfer,PAID,2026-01-01T17:21:00,25900.0
ORD000034,2026-01-24 06:21:00,C0044,P005,1,313.95,0.0,Web,ลูกค้า 044,customer044@example.com,กรุงเทพมหานคร,Smartphone Model 05,Smartphone,299.0,Y,PAY000034,PromptPay,PAID,2026-01-24T06:44:00,313.95
ORD000035,2026-01-16 21:39:00,C0045,P033,3,12900.0,0.0,Marketplace,ลูกค้า 045,customer045@example.com,เชียงใหม่,Smart Home Model 33,Smart Home,12900.0,Y,PAY000035,PromptPay,PAID,2026-01-17T00:12:00,38700.0
ORD000036,2026-01-21 10:30:00,C0043,P005,1,299.0,0.0,Mobile App,ลูกค้า 043,customer043@example.com,ระยอง,Smartphone Model 05,Smartphone,299.0,Y,PAY000036,Credit Card,PAID,2026-01-21T13:28:00,299.0
ORD000037,2026-01-20 00:56:00,C0108,P017,4,990.0,0.0,Web,ลูกค้า 108,customer108@example.com,เชียงใหม่,Smartphone Model 17,Smartphone,990.0,Y,PAY000037,PromptPay,PAID,2026-01-20T03:11:00,3960.0
ORD000038,2026-01-18 01:57:00,C0008,P009,1,284.05,0.05,Mobile App,ลูกค้า 008,customer008@example.com,ขอนแก่น,Notebook Model 09,Notebook,299.0,Y,PAY000038,PromptPay,PAID,2026-01-18T03:21:00,269.85
ORD000039,2026-01-28 20:23:00,C0126,P004,2,1415.5,0.0,Marketplace,ลูกค้า 126,customer126@example.com,เชียงใหม่,Smart Home Model 04,Smart Home,1490.0,Y,PAY000039,PromptPay,PAID,2026-01-28T20:25:00,2831.0
ORD000040,2026-01-15 23:19:00,C0086,P021,1,23310.0,0.0,Marketplace,ลูกค้า 086,customer086@example.com,กรุงเทพมหานคร,Smart Home Model 21,Smart Home,25900.0,Y,PAY000040,PromptPay,PAID,2026-01-16T00:12:00,23310.0
ORD000041,2026-01-11 12:38:00,C0008,P034,2,284.05,0.0,Web,ลูกค้า 008,customer008@example.com,ขอนแก่น,Accessory Model 34,Accessory,299.0,Y,PAY000041,Credit Card,PAID,2026-01-11T14:36:00,568.1
ORD000042,2026-01-21 15:59:00,C0114,P032,1,25900.0,0.0,Marketplace,ลูกค้า 114,customer114@example.com,เชียงใหม่,Notebook Model 32,Notebook,25900.0,Y,PAY000042,Credit Card,PAID,2026-01-21T17:17:00,25900.0
ORD000043,2026-01-03 08:15:00,C0006,P018,1,3790.5,0.05,Web,ลูกค้า 006,customer006@example.com,ระยอง,Smartphone Model 18,Smartphone,3990.0,Y,PAY000043,Bank Transfer,PAID,2026-01-03T09:31:00,3600.98
ORD000045,2026-01-16 19:17:00,C0068,P019,3,3990.0,0.0,Marketplace,ลูกค้า 068,customer068@example.com,ขอนแก่น,Smartphone Model 19,Smartphone,3990.0,Y,PAY000045,Bank Transfer,PAID,2026-01-16T19:47:00,11970.0
ORD000046,2026-01-21 21:21:00,C0097,P026,2,12900.0,0.1,Mobile App,ลูกค้า 097,customer097@example.com,เชียงใหม่,Smart Home Model 26,Smart Home,12900.0,Y,PAY000046,Bank Transfer,PAID,2026-01-21T22:17:00,23220.0
ORD000047,2026-01-01 07:56:00,C0100,P038,4,11610.0,0.0,Web,ลูกค้า 100,customer100@example.com,กรุงเทพมหานคร,Smartphone Model 38,Smartphone,12900.0,N,PAY000047,PromptPay,PAID,2026-01-01T09:44:00,46440.0
ORD000048,2026-01-13 07:59:00,C0040,P038,2,12900.0,0.0,Marketplace,ลูกค้า 040,customer040@example.com,กรุงเทพมหานคร,Smartphone Model 38,Smartphone,12900.0,N,PAY000048,PromptPay,PAID,2026-01-13T09:30:00,25800.0
ORD000049,2026-01-18 00:12:00,C0059,P019,1,3990.0,0.05,Mobile App,ลูกค้า 059,customer059@example.com,ระยอง,Smartphone Model 19,Smartphone,3990.0,Y,PAY000049,PromptPay,PAID,2026-01-18T01:04:00,3790.5
ORD000050,2026-01-09 02:38:00,C0067,P006,1,313.95,0.0,Web,ลูกค้า 067,customer067@example.com,ชลบุรี,Accessory Model 06,Accessory,299.0,Y,PAY000050,Bank Transfer,PAID,2026-01-09T04:32:00,313.95
ORD000051,2026-01-24 03:14:00,C0035,P039,4,990.0,0.0,Marketplace,ลูกค้า 035,customer035@example.com,ชลบุรี,Notebook Model 39,Notebook,990.0,N,PAY000051,Credit Card,PAID,2026-01-24T04:27:00,3960.0
ORD000052,2026-01-18 11:03:00,C0079,P035,1,23310.0,0.0,Mobile App,ลูกค้า 079,customer079@example.com,ภูเก็ต,Accessory Model 35,Accessory,25900.0,Y,PAY000052,Credit Card,PAID,2026-01-18T12:24:00,23310.0
ORD000053,2026-01-16 20:25:00,C0113,P019,4,3990.0,0.05,Marketplace,ลูกค้า 113,customer113@example.com,ระยอง,Smartphone Model 19,Smartphone,3990.0,Y,PAY000053,Credit Card,PAID,2026-01-16T22:54:00,15162.0
ORD000054,2026-01-01 18:10:00,C0046,P035,1,25900.0,0.1,Marketplace,ลูกค้า 046,customer046@example.com,ชลบุรี,Accessory Model 35,Accessory,25900.0,Y,PAY000054,Bank Transfer,PAID,2026-01-01T19:13:00,23310.0
ORD000055,2026-01-07 14:06:00,C0132,P027,2,23310.0,0.0,Marketplace,ลูกค้า 132,customer132@example.com,ชลบุรี,Smartphone Model 27,Smartphone,25900.0,Y,PAY000055,Credit Card,PAID,2026-01-07T16:03:00,46620.0
ORD000057,2026-01-20 22:46:00,C0054,P039,2,990.0,0.0,Marketplace,ลูกค้า 054,customer054@example.com,กรุงเทพมหานคร,Notebook Model 39,Notebook,990.0,N,PAY000057,Bank Transfer,PAID,2026-01-20T23:31:00,1980.0
ORD000058,2026-01-16 05:55:00,C0096,P038,2,13545.0,0.05,Mobile App,ลูกค้า 096,customer096@example.com,กรุงเทพมหานคร,Smartphone Model 38,Smartphone,12900.0,N,PAY000058,PromptPay,PAID,2026-01-16T07:21:00,25735.5
ORD000059,2026-01-22 06:56:00,C0038,P005,1,284.05,0.0,Mobile App,ลูกค้า 038,customer038@example.com,ชลบุรี,Smartphone Model 05,Smartphone,299.0,Y,PAY000059,Bank Transfer,PAID,2026-01-22T07:08:00,284.05
ORD000060,2026-01-15 09:26:00,C0057,P005,1,299.0,0.1,Mobile App,ลูกค้า 057,customer057@example.com,เชียงใหม่,Smartphone Model 05,Smartphone,299.0,Y,PAY000060,Credit Card,PAID,2026-01-15T12:01:00,269.1
ORD000061,2026-01-08 12:44:00,C0102,P023,2,313.95,0.1,Mobile App,ลูกค้า 102,customer102@example.com,ระยอง,Accessory Model 23,Accessory,299.0,Y,PAY000061,Bank Transfer,PAID,2026-01-08T12:47:00,565.11
ORD000062,2026-01-09 13:10:00,C0036,P020,3,499.0,0.0,Marketplace,ลูกค้า 036,customer036@example.com,กรุงเทพมหานคร,Smart Home Model 20,Smart Home,499.0,Y,PAY000062,PromptPay,PAID,2026-01-09T15:05:00,1497.0
ORD000063,2026-01-08 01:20:00,C0034,P025,3,27195.0,0.0,Marketplace,ลูกค้า 034,customer034@example.com,ภูเก็ต,Accessory Model 25,Accessory,25900.0,Y,PAY000063,Credit Card,PAID,2026-01-08T04:07:00,81585.0
ORD000064,2026-01-07 21:17:00,C0152,P014,1,1039.5,0.1,Web,ลูกค้า 152,customer152@example.com,ชลบุรี,Notebook Model 14,Notebook,990.0,Y,PAY000064,Credit Card,PAID,2026-01-07T21:33:00,935.55
ORD000065,2026-01-20 12:44:00,C0160,P031,3,1490.0,0.0,Web,ลูกค้า 160,customer160@example.com,กรุงเทพมหานคร,Smart Home Model 31,Smart Home,1490.0,Y,PAY000065,Bank Transfer,PAID,2026-01-20T15:03:00,4470.0
ORD000067,2026-01-11 23:34:00,C0125,P035,1,25900.0,0.0,Mobile App,ลูกค้า 125,customer125@example.com,เชียงใหม่,Accessory Model 35,Accessory,25900.0,Y,PAY000067,Credit Card,PAID,2026-01-12T02:25:00,25900.0
ORD000068,2026-01-15 21:59:00,C0052,P039,1,940.5,0.05,Mobile App,ลูกค้า 052,customer052@example.com,ระยอง,Notebook Model 39,Notebook,990.0,N,PAY000068,PromptPay,PAID,2026-01-16T00:21:00,893.47
ORD000069,2026-01-09 12:18:00,C0081,P039,1,1039.5,0.0,Web,ลูกค้า 081,customer081@example.com,ขอนแก่น,Notebook Model 39,Notebook,990.0,N,PAY000069,Credit Card,PAID,2026-01-09T14:32:00,1039.5
ORD000070,2026-01-28 09:39:00,C0069,P014,4,1039.5,0.0,Marketplace,ลูกค้า 069,customer069@example.com,กรุงเทพมหานคร,Notebook Model 14,Notebook,990.0,Y,PAY000070,Bank Transfer,PAID,2026-01-28T12:02:00,4158.0
ORD000071,2026-01-01 22:56:00,C0021,P008,1,523.95,0.0,Web,ลูกค้า 021,customer021@example.com,เชียงใหม่,Accessory Model 08,Accessory,499.0,Y,PAY000071,Credit Card,PAID,2026-01-02T00:10:00,523.95
ORD000072,2026-01-24 22:09:00,C0028,P032,4,23310.0,0.05,Mobile App,ลูกค้า 028,customer028@example.com,ขอนแก่น,Notebook Model 32,Notebook,25900.0,Y,PAY000072,Credit Card,PAID,2026-01-24T22:55:00,88578.0
ORD000073,2026-01-13 05:31:00,C0009,P022,1,474.05,0.0,Web,ลูกค้า 009,customer009@example.com,ภูเก็ต,Accessory Model 22,Accessory,499.0,Y,PAY000073,Credit Card,PAID,2026-01-13T07:28:00,474.05
ORD000074,2026-01-17 10:33:00,C0110,P031,4,1490.0,0.0,Marketplace,ลูกค้า 110,customer110@example.com,เชียงใหม่,Smart Home Model 31,Smart Home,1490.0,Y,PAY000074,Credit Card,PAID,2026-01-17T11:45:00,5960.0
ORD000075,2026-01-22 08:13:00,C0039,P007,2,24605.0,0.05,Web,ลูกค้า 039,customer039@example.com,กรุงเทพมหานคร,Notebook Model 07,Notebook,25900.0,Y,PAY000075,Credit Card,PAID,2026-01-22T08:15:00,46749.5
ORD000077,2026-01-08 04:24:00,C0143,P026,2,12255.0,0.0,Web,ลูกค้า 143,customer143@example.com,เชียงใหม่,Smart Home Model 26,Smart Home,12900.0,Y,PAY000077,PromptPay,PAID,2026-01-08T04:29:00,24510.0
ORD000078,2026-01-22 17:21:00,C0070,P017,1,1039.5,0.05,Marketplace,ลูกค้า 070,customer070@example.com,เชียงใหม่,Smartphone Model 17,Smartphone,990.0,Y,PAY000078,Bank Transfer,PAID,2026-01-22T17:34:00,987.52
ORD000079,2026-01-05 10:50:00,C0005,P037,1,25900.0,0.1,Mobile App,ลูกค้า 005,customer005@example.com,ระยอง,Smart Home Model 37,Smart Home,25900.0,Y,PAY000079,Bank Transfer,PAID,2026-01-05T13:47:00,23310.0
ORD000080,2026-01-28 17:30:00,C0008,P019,3,4189.5,0.05,Marketplace,ลูกค้า 008,customer008@example.com,ขอนแก่น,Smartphone Model 19,Smartphone,3990.0,Y,PAY000080,Bank Transfer,PAID,2026-01-28T19:57:00,11940.08
ORD000081,2026-01-11 02:57:00,C0061,P018,4,3591.0,0.0,Web,ลูกค้า 061,customer061@example.com,ขอนแก่น,Smartphone Model 18,Smartphone,3990.0,Y,PAY000081,Credit Card,PAID,2026-01-11T03:07:00,14364.0
ORD000082,2026-01-21 18:06:00,C0147,P020,2,474.05,0.1,Marketplace,ลูกค้า 147,customer147@example.com,ชลบุรี,Smart Home Model 20,Smart Home,499.0,Y,PAY000082,PromptPay,PAID,2026-01-21T18:30:00,853.29
ORD000083,2026-01-17 01:19:00,C0070,P021,1,25900.0,0.0,Web,ลูกค้า 070,customer070@example.com,เชียงใหม่,Smart Home Model 21,Smart Home,25900.0,Y,PAY000083,PromptPay,PAID,2026-01-17T01:51:00,25900.0
ORD000084,2026-01-27 07:52:00,C0132,P026,1,11610.0,0.0,Web,ลูกค้า 132,customer132@example.com,ชลบุรี,Smart Home Model 26,Smart Home,12900.0,Y,PAY000084,PromptPay,PAID,2026-01-27T08:53:00,11610.0
ORD000085,2026-01-20 05:05:00,C0145,P003,2,24605.0,0.0,Mobile App,ลูกค้า 145,,ภูเก็ต,Smartphone Model 03,Smartphone,25900.0,Y,PAY000085,Credit Card,PAID,2026-01-20T07:24:00,49210.0
ORD000086,2026-01-22 09:30:00,C0038,P015,4,269.1,0.0,Web,ลูกค้า 038,customer038@example.com,ชลบุรี,Notebook Model 15,Notebook,299.0,Y,PAY000086,Bank Transfer,PAID,2026-01-22T12:16:00,1076.4
ORD000087,2026-01-25 05:31:00,C0068,P001,3,299.0,0.0,Web,ลูกค้า 068,customer068@example.com,ขอนแก่น,Notebook Model 01,Notebook,299.0,Y,PAY000087,Credit Card,PAID,2026-01-25T08:13:00,897.0
ORD000088,2026-01-28 21:16:00,C0118,P024,2,284.05,0.1,Web,ลูกค้า 118,customer118@example.com,ระยอง,Accessory Model 24,Accessory,299.0,Y,PAY000088,PromptPay,PAID,2026-01-28T22:57:00,511.29
ORD000089,2026-01-26 04:55:00,C0070,P026,1,12900.0,0.0,Web,ลูกค้า 070,customer070@example.com,เชียงใหม่,Smart Home Model 26,Smart Home,12900.0,Y,PAY000089,PromptPay,PAID,2026-01-26T07:40:00,12900.0
ORD000090,2026-01-19 00:37:00,C0083,P038,1,12900.0,0.0,Marketplace,ลูกค้า 083,customer083@example.com,ขอนแก่น,Smartphone Model 38,Smartphone,12900.0,N,PAY000090,Bank Transfer,PAID,2026-01-19T01:32:00,12900.0
ORD000091,2026-01-18 10:20:00,C0156,P037,1,25900.0,0.05,Mobile App,ลูกค้า 156,customer156@example.com,กรุงเทพมหานคร,Smart Home Model 37,Smart Home,25900.0,Y,PAY000091,PromptPay,PAID,2026-01-18T12:55:00,24605.0
ORD000092,2026-01-16 20:33:00,C0086,P006,1,313.95,0.0,Web,ลูกค้า 086,customer086@example.com,กรุงเทพมหานคร,Accessory Model 06,Accessory,299.0,Y,PAY000092,Credit Card,PAID,2026-01-16T21:27:00,313.95
ORD000094,2026-01-05 03:21:00,C0014,P012,1,1039.5,0.1,Marketplace,ลูกค้า 014,customer014@example.com,ขอนแก่น,Accessory Model 12,Accessory,990.0,Y,PAY000094,Bank Transfer,PAID,2026-01-05T06:00:00,935.55
ORD000095,2026-01-01 19:36:00,C0062,P020,2,499.0,0.0,Web,ลูกค้า 062,customer062@example.com,ระยอง,Smart Home Model 20,Smart Home,499.0,Y,PAY000095,Credit Card,PAID,2026-01-01T20:33:00,998.0
ORD000096,2026-01-26 20:50:00,C0090,P024,2,284.05,0.0,Mobile App,ลูกค้า 090,customer090@example.com,เชียงใหม่,Accessory Model 24,Accessory,299.0,Y,PAY000096,Credit Card,PAID,2026-01-26T22:11:00,568.1
ORD000097,2026-01-16 01:11:00,C0008,P009,4,299.0,0.0,Marketplace,ลูกค้า 008,customer008@example.com,ขอนแก่น,Notebook Model 09,Notebook,299.0,Y,PAY000097,PromptPay,PAID,2026-01-16T01:43:00,1196.0
ORD000098,2026-01-14 04:53:00,C0099,P016,2,1490.0,0.1,Marketplace,ลูกค้า 099,customer099@example.com,ขอนแก่น,Accessory Model 16,Accessory,1490.0,Y,PAY000098,Credit Card,PAID,2026-01-14T06:37:00,2682.0
ORD000099,2026-01-24 06:51:00,C0136,P039,3,1039.5,0.0,Mobile App,ลูกค้า 136,customer136@example.com,ระยอง,Notebook Model 39,Notebook,990.0,N,PAY000099,PromptPay,PAID,2026-01-24T08:38:00,3118.5
ORD000100,2026-01-05 13:19:00,C0014,P038,2,13545.0,0.0,Mobile App,ลูกค้า 014,customer014@example.com,ขอนแก่น,Smartphone Model 38,Smartphone,12900.0,N,PAY000100,Bank Transfer,PAID,2026-01-05T15:44:00,27090.0
ORD000102,2026-01-05 07:29:00,C0078,P002,4,1341.0,0.05,Mobile App,ลูกค้า 078,customer078@example.com,ระยอง,Smartphone Model 02,Smartphone,1490.0,Y,PAY000102,Bank Transfer,PAID,2026-01-05T09:52:00,5095.8
ORD000103,2026-01-11 07:18:00,C0079,P014,1,940.5,0.1,Web,ลูกค้า 079,customer079@example.com,ภูเก็ต,Notebook Model 14,Notebook,990.0,Y,PAY000103,Credit Card,PAID,2026-01-11T08:32:00,846.45
ORD000104,2026-01-13 17:48:00,C0157,P036,2,299.0,0.1,Marketplace,ลูกค้า 157,customer157@example.com,ระยอง,Notebook Model 36,Notebook,299.0,Y,PAY000104,Credit Card,PAID,2026-01-13T19:26:00,538.2
ORD000105,2026-01-07 02:25:00,C0099,P002,2,1341.0,0.1,Mobile App,ลูกค้า 099,customer099@example.com,ขอนแก่น,Smartphone Model 02,Smartphone,1490.0,Y,PAY000105,Credit Card,PAID,2026-01-07T03:54:00,2413.8
ORD000107,2026-01-23 21:07:00,C0065,P023,2,299.0,0.0,Web,ลูกค้า 065,customer065@example.com,ขอนแก่น,Accessory Model 23,Accessory,299.0,Y,PAY000107,Credit Card,PAID,2026-01-23T23:36:00,598.0
ORD000108,2026-01-17 22:05:00,C0138,P029,4,3990.0,0.0,Web,ลูกค้า 138,customer138@example.com,กรุงเทพมหานคร,Notebook Model 29,Notebook,3990.0,Y,PAY000108,Credit Card,PAID,2026-01-17T23:54:00,15960.0
ORD000109,2026-01-19 03:38:00,C0140,P033,1,13545.0,0.0,Web,ลูกค้า 140,customer140@example.com,ภูเก็ต,Smart Home Model 33,Smart Home,12900.0,Y,PAY000109,Credit Card,PAID,2026-01-19T06:35:00,13545.0
ORD000110,2026-01-27 22:29:00,C0066,P002,3,1341.0,0.0,Marketplace,ลูกค้า 066,customer066@example.com,ระยอง,Smartphone Model 02,Smartphone,1490.0,Y,PAY000110,PromptPay,PAID,2026-01-28T00:24:00,4023.0
ORD000111,2026-01-04 17:27:00,C0146,P008,3,449.1,0.0,Mobile App,ลูกค้า 146,customer146@example.com,กรุงเทพมหานคร,Accessory Model 08,Accessory,499.0,Y,PAY000111,Credit Card,PAID,2026-01-04T19:04:00,1347.3
ORD000113,2026-01-03 06:56:00,C0024,P027,3,24605.0,0.0,Mobile App,ลูกค้า 024,customer024@example.com,กรุงเทพมหานคร,Smartphone Model 27,Smartphone,25900.0,Y,PAY000113,Bank Transfer,PAID,2026-01-03T09:53:00,73815.0
ORD000114,2026-01-01 13:09:00,C0050,P014,3,1039.5,0.0,Web,ลูกค้า 050,customer050@example.com,เชียงใหม่,Notebook Model 14,Notebook,990.0,Y,PAY000114,PromptPay,PAID,2026-01-01T14:03:00,3118.5
ORD000115,2026-01-21 07:56:00,C0085,P009,4,313.95,0.0,Mobile App,ลูกค้า 085,customer085@example.com,กรุงเทพมหานคร,Notebook Model 09,Notebook,299.0,Y,PAY000115,Bank Transfer,PAID,2026-01-21T10:17:00,1255.8
ORD000116,2026-01-24 08:29:00,C0073,P002,4,1341.0,0.0,Web,ลูกค้า 073,customer073@example.com,ขอนแก่น,Smartphone Model 02,Smartphone,1490.0,Y,PAY000116,Bank Transfer,PAID,2026-01-24T10:09:00,5364.0
ORD000117,2026-01-09 09:51:00,C0012,P016,1,1415.5,0.0,Marketplace,ลูกค้า 012,customer012@example.com,ขอนแก่น,Accessory Model 16,Accessory,1490.0,Y,PAY000117,Bank Transfer,PAID,2026-01-09T10:26:00,1415.5
ORD000118,2026-01-21 07:02:00,C0075,P025,1,23310.0,0.05,Web,ลูกค้า 075,customer075@example.com,ระยอง,Accessory Model 25,Accessory,25900.0,Y,PAY000118,Bank Transfer,PAID,2026-01-21T08:33:00,22144.5
ORD000119,2026-01-25 09:48:00,C0007,P022,1,449.1,0.0,Web,ลูกค้า 007,customer007@example.com,กรุงเทพมหานคร,Accessory Model 22,Accessory,499.0,Y,PAY000119,Bank Transfer,PAID,2026-01-25T10:43:00,449.1
ORD000120,2026-01-15 14:33:00,C0092,P020,4,499.0,0.0,Web,ลูกค้า 092,customer092@example.com,กรุงเทพมหานคร,Smart Home Model 20,Smart Home,499.0,Y,PAY000120,PromptPay,PAID,2026-01-15T16:33:00,1996.0
ORD000122,2026-01-08 11:24:00,C0051,P010,3,891.0,0.1,Mobile App,ลูกค้า 051,customer051@example.com,เชียงใหม่,Smart Home Model 10,Smart Home,990.0,Y,PAY000122,PromptPay,PAID,2026-01-08T11:27:00,2405.7
ORD000123,2026-01-08 18:25:00,C0035,P024,1,313.95,0.0,Mobile App,ลูกค้า 035,customer035@example.com,ชลบุรี,Accessory Model 24,Accessory,299.0,Y,PAY000123,Bank Transfer,PAID,2026-01-08T19:08:00,313.95
ORD000124,2026-01-15 01:56:00,C0012,P007,1,27195.0,0.05,Web,ลูกค้า 012,customer012@example.com,ขอนแก่น,Notebook Model 07,Notebook,25900.0,Y,PAY000124,PromptPay,PAID,2026-01-15T04:09:00,25835.25
ORD000125,2026-01-24 01:22:00,C0155,P003,1,25900.0,0.0,Web,ลูกค้า 155,customer155@example.com,เชียงใหม่,Smartphone Model 03,Smartphone,25900.0,Y,PAY000125,PromptPay,PAID,2026-01-24T02:51:00,25900.0
ORD000126,2026-01-03 20:15:00,C0056,P022,1,523.95,0.05,Marketplace,ลูกค้า 056,customer056@example.com,เชียงใหม่,Accessory Model 22,Accessory,499.0,Y,PAY000126,Credit Card,PAID,2026-01-03T20:33:00,497.75
ORD000127,2026-01-27 13:30:00,C0060,P040,3,3790.5,0.05,Mobile App,ลูกค้า 060,customer060@example.com,ภูเก็ต,Accessory Model 40,Accessory,3990.0,N,PAY000127,Bank Transfer,PAID,2026-01-27T15:29:00,10802.92
ORD000128,2026-01-13 09:03:00,C0138,P012,3,940.5,0.0,Mobile App,ลูกค้า 138,customer138@example.com,กรุงเทพมหานคร,Accessory Model 12,Accessory,990.0,Y,PAY000128,Credit Card,PAID,2026-01-13T09:29:00,2821.5
ORD000129,2026-01-24 16:44:00,C0098,P031,1,1490.0,0.0,Mobile App,ลูกค้า 098,customer098@example.com,เชียงใหม่,Smart Home Model 31,Smart Home,1490.0,Y,PAY000129,PromptPay,PAID,2026-01-24T17:25:00,1490.0
ORD000131,2026-01-03 03:34:00,C0101,P010,2,891.0,0.05,Marketplace,ลูกค้า 101,customer101@example.com,ภูเก็ต,Smart Home Model 10,Smart Home,990.0,Y,PAY000131,Bank Transfer,PAID,2026-01-03T05:17:00,1692.9
ORD000132,2026-01-28 02:40:00,C0146,P022,1,523.95,0.1,Marketplace,ลูกค้า 146,customer146@example.com,กรุงเทพมหานคร,Accessory Model 22,Accessory,499.0,Y,PAY000132,Credit Card,PAID,2026-01-28T03:12:00,471.56
ORD000133,2026-01-11 15:42:00,C0078,P008,3,449.1,0.0,Marketplace,ลูกค้า 078,customer078@example.com,ระยอง,Accessory Model 08,Accessory,499.0,Y,PAY000133,Credit Card,PAID,2026-01-11T17:27:00,1347.3
ORD000134,2026-01-08 15:18:00,C0007,P018,2,3591.0,0.05,Marketplace,ลูกค้า 007,customer007@example.com,กรุงเทพมหานคร,Smartphone Model 18,Smartphone,3990.0,Y,PAY000134,Bank Transfer,PAID,2026-01-08T16:18:00,6822.9
ORD000135,2026-01-15 04:33:00,C0076,P027,2,25900.0,0.05,Mobile App,ลูกค้า 076,customer076@example.com,ระยอง,Smartphone Model 27,Smartphone,25900.0,Y,PAY000135,Credit Card,PAID,2026-01-15T05:23:00,49210.0
ORD000136,2026-01-18 05:28:00,C0052,P003,2,25900.0,0.0,Mobile App,ลูกค้า 052,customer052@example.com,ระยอง,Smartphone Model 03,Smartphone,25900.0,Y,PAY000136,PromptPay,PAID,2026-01-18T05:57:00,51800.0
ORD000137,2026-01-07 00:33:00,C0003,P039,2,990.0,0.05,Marketplace,ลูกค้า 003,customer003@example.com,ขอนแก่น,Notebook Model 39,Notebook,990.0,N,PAY000137,PromptPay,PAID,2026-01-07T00:39:00,1881.0
ORD000138,2026-01-08 13:50:00,C0145,P030,1,474.05,0.1,Mobile App,ลูกค้า 145,,ภูเก็ต,Smartphone Model 30,Smartphone,499.0,Y,PAY000138,Credit Card,PAID,2026-01-08T13:54:00,426.65
ORD000139,2026-01-05 03:18:00,C0075,P016,1,1490.0,0.0,Web,ลูกค้า 075,customer075@example.com,ระยอง,Accessory Model 16,Accessory,1490.0,Y,PAY000139,Credit Card,PAID,2026-01-05T05:45:00,1490.0
ORD000140,2026-01-04 00:24:00,C0132,P023,1,269.1,0.05,Marketplace,ลูกค้า 132,customer132@example.com,ชลบุรี,Accessory Model 23,Accessory,299.0,Y,PAY000140,Credit Card,PAID,2026-01-04T00:39:00,255.64
ORD000141,2026-01-14 11:29:00,C0069,P011,2,23310.0,0.0,Web,ลูกค้า 069,customer069@example.com,กรุงเทพมหานคร,Accessory Model 11,Accessory,25900.0,Y,PAY000141,Credit Card,PAID,2026-01-14T11:56:00,46620.0
ORD000143,2026-01-18 23:04:00,C0133,P007,1,25900.0,0.05,Web,ลูกค้า 133,customer133@example.com,ภูเก็ต,Notebook Model 07,Notebook,25900.0,Y,PAY000143,Credit Card,PAID,2026-01-19T00:29:00,24605.0
ORD000145,2026-01-11 18:33:00,C0142,P009,1,313.95,0.1,Web,ลูกค้า 142,customer142@example.com,ชลบุรี,Notebook Model 09,Notebook,299.0,Y,PAY000145,Credit Card,PAID,2026-01-11T19:39:00,282.56
ORD000146,2026-01-13 00:04:00,C0096,P023,1,299.0,0.0,Marketplace,ลูกค้า 096,customer096@example.com,กรุงเทพมหานคร,Accessory Model 23,Accessory,299.0,Y,PAY000146,Bank Transfer,PAID,2026-01-13T00:08:00,299.0
ORD000147,2026-01-24 10:34:00,C0114,P001,1,299.0,0.0,Marketplace,ลูกค้า 114,customer114@example.com,เชียงใหม่,Notebook Model 01,Notebook,299.0,Y,PAY000147,Bank Transfer,PAID,2026-01-24T12:27:00,299.0
ORD000149,2026-01-04 10:57:00,C0033,P028,1,299.0,0.05,Mobile App,ลูกค้า 033,customer033@example.com,ระยอง,Smartphone Model 28,Smartphone,299.0,Y,PAY000149,Bank Transfer,PAID,2026-01-04T12:47:00,284.05
ORD000150,2026-01-11 10:12:00,C0067,P033,2,12900.0,0.0,Mobile App,ลูกค้า 067,customer067@example.com,ชลบุรี,Smart Home Model 33,Smart Home,12900.0,Y,PAY000150,Bank Transfer,PAID,2026-01-11T12:02:00,25800.0
ORD000151,2026-01-06 02:33:00,C0004,P036,1,269.1,0.0,Mobile App,ลูกค้า 004,customer004@example.com,กรุงเทพมหานคร,Notebook Model 36,Notebook,299.0,Y,PAY000151,Credit Card,PAID,2026-01-06T05:16:00,269.1
ORD000152,2026-01-20 15:01:00,C0026,P040,2,3990.0,0.0,Marketplace,ลูกค้า 026,customer026@example.com,เชียงใหม่,Accessory Model 40,Accessory,3990.0,N,PAY000152,Bank Transfer,PAID,2026-01-20T15:53:00,7980.0
ORD000153,2026-01-08 04:09:00,C0120,P011,1,25900.0,0.0,Mobile App,ลูกค้า 120,customer120@example.com,ขอนแก่น,Accessory Model 11,Accessory,25900.0,Y,PAY000153,Credit Card,PAID,2026-01-08T04:54:00,25900.0
ORD000154,2026-01-04 03:08:00,C0047,P009,4,299.0,0.0,Marketplace,ลูกค้า 047,customer047@example.com,ระยอง,Notebook Model 09,Notebook,299.0,Y,PAY000154,PromptPay,PAID,2026-01-04T05:58:00,1196.0
ORD000155,2026-01-19 06:03:00,C0130,P014,4,990.0,0.0,Web,ลูกค้า 130,customer130@example.com,ภูเก็ต,Notebook Model 14,Notebook,990.0,Y,PAY000155,PromptPay,PAID,2026-01-19T07:13:00,3960.0
ORD000156,2026-01-07 14:35:00,C0014,P001,2,269.1,0.0,Marketplace,ลูกค้า 014,customer014@example.com,ขอนแก่น,Notebook Model 01,Notebook,299.0,Y,PAY000156,PromptPay,PAID,2026-01-07T15:45:00,538.2
ORD000157,2026-01-13 09:28:00,C0054,P024,1,299.0,0.0,Marketplace,ลูกค้า 054,customer054@example.com,กรุงเทพมหานคร,Accessory Model 24,Accessory,299.0,Y,PAY000157,Credit Card,PAID,2026-01-13T11:34:00,299.0
ORD000158,2026-01-14 21:41:00,C0073,P027,1,23310.0,0.05,Web,ลูกค้า 073,customer073@example.com,ขอนแก่น,Smartphone Model 27,Smartphone,25900.0,Y,PAY000158,Bank Transfer,PAID,2026-01-14T22:07:00,22144.5
ORD000159,2026-01-08 21:42:00,C0141,P006,1,284.05,0.05,Mobile App,ลูกค้า 141,customer141@example.com,กรุงเทพมหานคร,Accessory Model 06,Accessory,299.0,Y,PAY000159,Credit Card,PAID,2026-01-08T23:30:00,269.85
ORD000160,2026-01-15 17:15:00,C0059,P014,2,990.0,0.0,Mobile App,ลูกค้า 059,customer059@example.com,ระยอง,Notebook Model 14,Notebook,990.0,Y,PAY000160,Credit Card,PAID,2026-01-15T19:09:00,1980.0
ORD000161,2026-01-11 15:47:00,C0092,P012,1,891.0,0.05,Mobile App,ลูกค้า 092,customer092@example.com,กรุงเทพมหานคร,Accessory Model 12,Accessory,990.0,Y,PAY000161,Bank Transfer,PAID,2026-01-11T18:21:00,846.45
ORD000162,2026-01-24 04:41:00,C0130,P002,2,1415.5,0.05,Mobile App,ลูกค้า 130,customer130@example.com,ภูเก็ต,Smartphone Model 02,Smartphone,1490.0,Y,PAY000162,Credit Card,PAID,2026-01-24T07:23:00,2689.45
ORD000163,2026-01-24 22:34:00,C0093,P037,1,24605.0,0.1,Marketplace,ลูกค้า 093,customer093@example.com,ภูเก็ต,Smart Home Model 37,Smart Home,25900.0,Y,PAY000163,PromptPay,PAID,2026-01-24T23:22:00,22144.5
ORD000164,2026-01-06 04:10:00,C0112,P033,3,11610.0,0.0,Marketplace,ลูกค้า 112,customer112@example.com,กรุงเทพมหานคร,Smart Home Model 33,Smart Home,12900.0,Y,PAY000164,Credit Card,PAID,2026-01-06T04:53:00,34830.0
ORD000165,2026-01-26 09:37:00,C0002,P024,1,299.0,0.0,Marketplace,ลูกค้า 002,customer002@example.com,ชลบุรี,Accessory Model 24,Accessory,299.0,Y,PAY000165,PromptPay,PAID,2026-01-26T11:39:00,299.0
ORD000166,2026-01-05 14:37:00,C0001,P027,3,27195.0,0.0,Web,ลูกค้า 001,customer001@example.com,ชลบุรี,Smartphone Model 27,Smartphone,25900.0,Y,PAY000166,Bank Transfer,PAID,2026-01-05T16:33:00,81585.0
ORD000168,2026-01-10 11:34:00,C0004,P019,3,3990.0,0.0,Marketplace,ลูกค้า 004,customer004@example.com,กรุงเทพมหานคร,Smartphone Model 19,Smartphone,3990.0,Y,PAY000168,Credit Card,PAID,2026-01-10T12:59:00,11970.0
ORD000169,2026-01-23 15:45:00,C0073,P018,1,3591.0,0.1,Marketplace,ลูกค้า 073,customer073@example.com,ขอนแก่น,Smartphone Model 18,Smartphone,3990.0,Y,PAY000169,Bank Transfer,PAID,2026-01-23T15:58:00,3231.9
ORD000170,2026-01-18 21:15:00,C0004,P020,1,499.0,0.0,Marketplace,ลูกค้า 004,customer004@example.com,กรุงเทพมหานคร,Smart Home Model 20,Smart Home,499.0,Y,PAY000170,Bank Transfer,PAID,2026-01-18T22:05:00,499.0
ORD000171,2026-01-26 20:58:00,C0160,P010,2,891.0,0.0,Web,ลูกค้า 160,customer160@example.com,กรุงเทพมหานคร,Smart Home Model 10,Smart Home,990.0,Y,PAY000171,Credit Card,PAID,2026-01-26T21:59:00,1782.0
ORD000172,2026-01-20 16:52:00,C0028,P034,1,299.0,0.1,Mobile App,ลูกค้า 028,customer028@example.com,ขอนแก่น,Accessory Model 34,Accessory,299.0,Y,PAY000172,PromptPay,PAID,2026-01-20T17:39:00,269.1
ORD000173,2026-01-03 06:14:00,C0137,P007,3,27195.0,0.0,Marketplace,ลูกค้า 137,customer137@example.com,ภูเก็ต,Notebook Model 07,Notebook,25900.0,Y,PAY000173,Credit Card,PAID,2026-01-03T08:17:00,81585.0
ORD000174,2026-01-28 23:11:00,C0075,P018,4,3990.0,0.05,Marketplace,ลูกค้า 075,customer075@example.com,ระยอง,Smartphone Model 18,Smartphone,3990.0,Y,PAY000174,Credit Card,PAID,2026-01-28T23:29:00,15162.0
ORD000175,2026-01-26 17:56:00,C0088,P004,3,1564.5,0.0,Marketplace,ลูกค้า 088,customer088@example.com,ภูเก็ต,Smart Home Model 04,Smart Home,1490.0,Y,PAY000175,Credit Card,PAID,2026-01-26T18:58:00,4693.5
ORD000176,2026-01-21 02:49:00,C0120,P025,2,27195.0,0.0,Mobile App,ลูกค้า 120,customer120@example.com,ขอนแก่น,Accessory Model 25,Accessory,25900.0,Y,PAY000176,Credit Card,PAID,2026-01-21T05:33:00,54390.0
ORD000177,2026-01-04 02:29:00,C0015,P027,2,23310.0,0.05,Mobile App,ลูกค้า 015,customer015@example.com,ภูเก็ต,Smartphone Model 27,Smartphone,25900.0,Y,PAY000177,Credit Card,PAID,2026-01-04T05:23:00,44289.0
ORD000178,2026-01-26 22:57:00,C0127,P028,4,299.0,0.0,Mobile App,ลูกค้า 127,customer127@example.com,ภูเก็ต,Smartphone Model 28,Smartphone,299.0,Y,PAY000178,Bank Transfer,PAID,2026-01-27T01:41:00,1196.0
ORD000180,2026-01-06 14:27:00,C0026,P021,1,23310.0,0.0,Marketplace,ลูกค้า 026,customer026@example.com,เชียงใหม่,Smart Home Model 21,Smart Home,25900.0,Y,PAY000180,Bank Transfer,PAID,2026-01-06T16:40:00,23310.0
ORD000181,2026-01-17 22:36:00,C0078,P007,1,25900.0,0.0,Mobile App,ลูกค้า 078,customer078@example.com,ระยอง,Notebook Model 07,Notebook,25900.0,Y,PAY000181,PromptPay,PAID,2026-01-17T23:43:00,25900.0
ORD000182,2026-01-19 01:42:00,C0135,P025,1,23310.0,0.0,Mobile App,ลูกค้า 135,customer135@example.com,กรุงเทพมหานคร,Accessory Model 25,Accessory,25900.0,Y,PAY000182,Credit Card,PAID,2026-01-19T02:14:00,23310.0
ORD000183,2026-01-11 14:35:00,C0044,P038,3,11610.0,0.0,Web,ลูกค้า 044,customer044@example.com,กรุงเทพมหานคร,Smartphone Model 38,Smartphone,12900.0,N,PAY000183,PromptPay,PAID,2026-01-11T14:59:00,34830.0
ORD000184,2026-01-17 11:36:00,C0154,P019,4,3790.5,0.0,Web,ลูกค้า 154,customer154@example.com,เชียงใหม่,Smartphone Model 19,Smartphone,3990.0,Y,PAY000184,PromptPay,PAID,2026-01-17T12:30:00,15162.0
ORD000185,2026-01-08 11:35:00,C0140,P028,4,269.1,0.1,Mobile App,ลูกค้า 140,customer140@example.com,ภูเก็ต,Smartphone Model 28,Smartphone,299.0,Y,PAY000185,Credit Card,PAID,2026-01-08T11:57:00,968.76
ORD000187,2026-01-22 17:38:00,C0092,P039,2,990.0,0.0,Marketplace,ลูกค้า 092,customer092@example.com,กรุงเทพมหานคร,Notebook Model 39,Notebook,990.0,N,PAY000187,Credit Card,PAID,2026-01-22T19:22:00,1980.0
ORD000188,2026-01-22 03:20:00,C0047,P031,4,1490.0,0.05,Marketplace,ลูกค้า 047,customer047@example.com,ระยอง,Smart Home Model 31,Smart Home,1490.0,Y,PAY000188,Credit Card,PAID,2026-01-22T06:04:00,5662.0
ORD000190,2026-01-28 04:14:00,C0129,P025,4,27195.0,0.0,Marketplace,ลูกค้า 129,customer129@example.com,กรุงเทพมหานคร,Accessory Model 25,Accessory,25900.0,Y,PAY000190,PromptPay,PAID,2026-01-28T04:22:00,108780.0
ORD000191,2026-01-17 08:52:00,C0011,P023,1,299.0,0.0,Mobile App,ลูกค้า 011,customer011@example.com,ชลบุรี,Accessory Model 23,Accessory,299.0,Y,PAY000191,PromptPay,PAID,2026-01-17T11:42:00,299.0
ORD000192,2026-01-13 01:30:00,C0101,P039,1,1039.5,0.0,Web,ลูกค้า 101,customer101@example.com,ภูเก็ต,Notebook Model 39,Notebook,990.0,N,PAY000192,Bank Transfer,PAID,2026-01-13T02:16:00,1039.5
ORD000193,2026-01-18 00:15:00,C0052,P005,2,299.0,0.1,Mobile App,ลูกค้า 052,customer052@example.com,ระยอง,Smartphone Model 05,Smartphone,299.0,Y,PAY000193,Credit Card,PAID,2026-01-18T00:18:00,538.2
ORD000194,2026-01-22 00:46:00,C0113,P001,1,299.0,0.1,Marketplace,ลูกค้า 113,customer113@example.com,ระยอง,Notebook Model 01,Notebook,299.0,Y,PAY000194,Bank Transfer,PAID,2026-01-22T02:31:00,269.1
ORD000195,2026-01-11 22:27:00,C0094,P014,2,990.0,0.0,Mobile App,ลูกค้า 094,customer094@example.com,ขอนแก่น,Notebook Model 14,Notebook,990.0,Y,PAY000195,Bank Transfer,PAID,2026-01-11T23:40:00,1980.0
ORD000196,2026-01-20 08:53:00,C0132,P007,1,25900.0,0.1,Web,ลูกค้า 132,customer132@example.com,ชลบุรี,Notebook Model 07,Notebook,25900.0,Y,PAY000196,PromptPay,PAID,2026-01-20T10:07:00,23310.0
ORD000197,2026-01-06 22:25:00,C0099,P002,1,1415.5,0.05,Web,ลูกค้า 099,customer099@example.com,ขอนแก่น,Smartphone Model 02,Smartphone,1490.0,Y,PAY000197,Credit Card,PAID,2026-01-07T01:07:00,1344.72
ORD000198,2026-01-22 16:13:00,C0040,P012,4,990.0,0.1,Marketplace,ลูกค้า 040,customer040@example.com,กรุงเทพมหานคร,Accessory Model 12,Accessory,990.0,Y,PAY000198,Bank Transfer,PAID,2026-01-22T17:18:00,3564.0
ORD000200,2026-01-01 14:06:00,C0097,P004,2,1341.0,0.0,Mobile App,ลูกค้า 097,customer097@example.com,เชียงใหม่,Smart Home Model 04,Smart Home,1490.0,Y,PAY000200,PromptPay,PAID,2026-01-01T16:49:00,2682.0
ORD000201,2026-01-22 12:04:00,C0059,P022,4,449.1,0.0,Marketplace,ลูกค้า 059,customer059@example.com,ระยอง,Accessory Model 22,Accessory,499.0,Y,PAY000201,PromptPay,PAID,2026-01-22T14:32:00,1796.4
ORD000202,2026-01-04 08:21:00,C0019,P027,2,23310.0,0.05,Web,ลูกค้า 019,customer019@example.com,ระยอง,Smartphone Model 27,Smartphone,25900.0,Y,PAY000202,PromptPay,PAID,2026-01-04T10:23:00,44289.0
ORD000203,2026-01-12 15:24:00,C0083,P025,1,25900.0,0.0,Mobile App,ลูกค้า 083,customer083@example.com,ขอนแก่น,Accessory Model 25,Accessory,25900.0,Y,PAY000203,Credit Card,PAID,2026-01-12T17:06:00,25900.0
ORD000204,2026-01-06 00:39:00,C0131,P036,2,313.95,0.0,Mobile App,ลูกค้า 131,customer131@example.com,ระยอง,Notebook Model 36,Notebook,299.0,Y,PAY000204,Credit Card,PAID,2026-01-06T03:10:00,627.9
ORD000206,2026-01-06 21:44:00,C0008,P023,4,269.1,0.0,Web,ลูกค้า 008,customer008@example.com,ขอนแก่น,Accessory Model 23,Accessory,299.0,Y,PAY000206,PromptPay,PAID,2026-01-06T23:55:00,1076.4
ORD000207,2026-01-11 04:13:00,C0052,P001,1,313.95,0.0,Marketplace,ลูกค้า 052,customer052@example.com,ระยอง,Notebook Model 01,Notebook,299.0,Y,PAY000207,PromptPay,PAID,2026-01-11T05:29:00,313.95
ORD000208,2026-01-25 17:56:00,C0024,P037,4,23310.0,0.1,Web,ลูกค้า 024,customer024@example.com,กรุงเทพมหานคร,Smart Home Model 37,Smart Home,25900.0,Y,PAY000208,PromptPay,PAID,2026-01-25T18:11:00,83916.0
ORD000209,2026-01-14 02:39:00,C0067,P006,1,284.05,0.0,Marketplace,ลูกค้า 067,customer067@example.com,ชลบุรี,Accessory Model 06,Accessory,299.0,Y,PAY000209,PromptPay,PAID,2026-01-14T05:29:00,284.05
ORD000210,2026-01-26 09:51:00,C0013,P009,1,299.0,0.0,Mobile App,ลูกค้า 013,customer013@example.com,เชียงใหม่,Notebook Model 09,Notebook,299.0,Y,PAY000210,Credit Card,PAID,2026-01-26T11:17:00,299.0
ORD000211,2026-01-24 08:11:00,C0066,P022,2,499.0,0.05,Web,ลูกค้า 066,customer066@example.com,ระยอง,Accessory Model 22,Accessory,499.0,Y,PAY000211,Credit Card,PAID,2026-01-24T08:30:00,948.1
ORD000212,2026-01-10 23:01:00,C0071,P001,2,284.05,0.1,Marketplace,ลูกค้า 071,customer071@example.com,ชลบุรี,Notebook Model 01,Notebook,299.0,Y,PAY000212,Credit Card,PAID,2026-01-11T01:18:00,511.29
ORD000213,2026-01-17 11:40:00,C0025,P021,1,25900.0,0.0,Marketplace,ลูกค้า 025,customer025@example.com,ชลบุรี,Smart Home Model 21,Smart Home,25900.0,Y,PAY000213,PromptPay,PAID,2026-01-17T13:48:00,25900.0
ORD000214,2026-01-09 14:42:00,C0014,P019,2,3990.0,0.0,Web,ลูกค้า 014,customer014@example.com,ขอนแก่น,Smartphone Model 19,Smartphone,3990.0,Y,PAY000214,Credit Card,PAID,2026-01-09T15:24:00,7980.0
ORD000215,2026-01-21 10:20:00,C0040,P036,2,299.0,0.05,Web,ลูกค้า 040,customer040@example.com,กรุงเทพมหานคร,Notebook Model 36,Notebook,299.0,Y,PAY000215,PromptPay,PAID,2026-01-21T11:14:00,568.1
ORD000216,2026-01-28 05:31:00,C0024,P033,1,12255.0,0.0,Marketplace,ลูกค้า 024,customer024@example.com,กรุงเทพมหานคร,Smart Home Model 33,Smart Home,12900.0,Y,PAY000216,Credit Card,PAID,2026-01-28T07:48:00,12255.0
ORD000218,2026-01-01 18:45:00,C0072,P020,3,474.05,0.1,Mobile App,ลูกค้า 072,customer072@example.com,เชียงใหม่,Smart Home Model 20,Smart Home,499.0,Y,PAY000218,Bank Transfer,PAID,2026-01-01T20:07:00,1279.94
ORD000219,2026-01-10 09:38:00,C0081,P021,1,27195.0,0.0,Web,ลูกค้า 081,customer081@example.com,ขอนแก่น,Smart Home Model 21,Smart Home,25900.0,Y,PAY000219,Bank Transfer,PAID,2026-01-10T12:03:00,27195.0
ORD000220,2026-01-12 20:20:00,C0135,P037,1,24605.0,0.0,Marketplace,ลูกค้า 135,customer135@example.com,กรุงเทพมหานคร,Smart Home Model 37,Smart Home,25900.0,Y,PAY000220,Credit Card,PAID,2026-01-12T22:17:00,24605.0
ORD000221,2026-01-25 21:10:00,C0157,P008,4,523.95,0.05,Marketplace,ลูกค้า 157,customer157@example.com,ระยอง,Accessory Model 08,Accessory,499.0,Y,PAY000221,Credit Card,PAID,2026-01-25T21:26:00,1991.01
ORD000222,2026-01-23 20:37:00,C0109,P027,1,24605.0,0.1,Mobile App,ลูกค้า 109,customer109@example.com,กรุงเทพมหานคร,Smartphone Model 27,Smartphone,25900.0,Y,PAY000222,Credit Card,PAID,2026-01-23T22:07:00,22144.5
ORD000223,2026-01-17 01:11:00,C0051,P014,2,940.5,0.0,Marketplace,ลูกค้า 051,customer051@example.com,เชียงใหม่,Notebook Model 14,Notebook,990.0,Y,PAY000223,PromptPay,PAID,2026-01-17T01:44:00,1881.0
ORD000224,2026-01-14 21:18:00,C0012,P031,1,1490.0,0.0,Web,ลูกค้า 012,customer012@example.com,ขอนแก่น,Smart Home Model 31,Smart Home,1490.0,Y,PAY000224,PromptPay,PAID,2026-01-14T22:01:00,1490.0
ORD000225,2026-01-16 05:19:00,C0135,P025,1,23310.0,0.05,Mobile App,ลูกค้า 135,customer135@example.com,กรุงเทพมหานคร,Accessory Model 25,Accessory,25900.0,Y,PAY000225,PromptPay,PAID,2026-01-16T06:29:00,22144.5
ORD000226,2026-01-08 17:35:00,C0064,P003,3,23310.0,0.0,Mobile App,ลูกค้า 064,customer064@example.com,ขอนแก่น,Smartphone Model 03,Smartphone,25900.0,Y,PAY000226,Credit Card,PAID,2026-01-08T18:59:00,69930.0
ORD000227,2026-01-02 17:13:00,C0007,P016,1,1490.0,0.0,Marketplace,ลูกค้า 007,customer007@example.com,กรุงเทพมหานคร,Accessory Model 16,Accessory,1490.0,Y,PAY000227,Bank Transfer,PAID,2026-01-02T19:15:00,1490.0
ORD000228,2026-01-17 20:14:00,C0053,P028,3,299.0,0.0,Web,ลูกค้า 053,customer053@example.com,ระยอง,Smartphone Model 28,Smartphone,299.0,Y,PAY000228,Credit Card,PAID,2026-01-17T21:37:00,897.0
ORD000229,2026-01-08 13:18:00,C0008,P017,2,940.5,0.0,Mobile App,ลูกค้า 008,customer008@example.com,ขอนแก่น,Smartphone Model 17,Smartphone,990.0,Y,PAY000229,Bank Transfer,PAID,2026-01-08T14:50:00,1881.0
ORD000230,2026-01-19 20:00:00,C0160,P015,4,299.0,0.1,Web,ลูกค้า 160,customer160@example.com,กรุงเทพมหานคร,Notebook Model 15,Notebook,299.0,Y,PAY000230,PromptPay,PAID,2026-01-19T20:18:00,1076.4
ORD000231,2026-01-11 10:24:00,C0033,P038,1,12900.0,0.0,Web,ลูกค้า 033,customer033@example.com,ระยอง,Smartphone Model 38,Smartphone,12900.0,N,PAY000231,Credit Card,PAID,2026-01-11T10:38:00,12900.0
ORD000232,2026-01-08 03:01:00,C0004,P008,1,499.0,0.05,Marketplace,ลูกค้า 004,customer004@example.com,กรุงเทพมหานคร,Accessory Model 08,Accessory,499.0,Y,PAY000232,PromptPay,PAID,2026-01-08T03:06:00,474.05
ORD000233,2026-01-18 08:14:00,C0085,P007,2,25900.0,0.0,Marketplace,ลูกค้า 085,customer085@example.com,กรุงเทพมหานคร,Notebook Model 07,Notebook,25900.0,Y,PAY000233,PromptPay,PAID,2026-01-18T09:31:00,51800.0
ORD000234,2026-01-06 03:24:00,C0025,P026,2,12900.0,0.0,Marketplace,ลูกค้า 025,customer025@example.com,ชลบุรี,Smart Home Model 26,Smart Home,12900.0,Y,PAY000234,Bank Transfer,PAID,2026-01-06T04:58:00,25800.0
ORD000235,2026-01-12 09:30:00,C0087,P030,3,499.0,0.0,Marketplace,ลูกค้า 087,,กรุงเทพมหานคร,Smartphone Model 30,Smartphone,499.0,Y,PAY000235,PromptPay,PAID,2026-01-12T11:42:00,1497.0
ORD000236,2026-01-19 05:22:00,C0068,P027,1,23310.0,0.05,Marketplace,ลูกค้า 068,customer068@example.com,ขอนแก่น,Smartphone Model 27,Smartphone,25900.0,Y,PAY000236,Bank Transfer,PAID,2026-01-19T05:28:00,22144.5
ORD000237,2026-01-17 04:02:00,C0020,P030,3,523.95,0.1,Web,ลูกค้า 020,customer020@example.com,ขอนแก่น,Smartphone Model 30,Smartphone,499.0,Y,PAY000237,Bank Transfer,PAID,2026-01-17T04:13:00,1414.67
ORD000238,2026-01-10 23:15:00,C0140,P034,2,313.95,0.0,Marketplace,ลูกค้า 140,customer140@example.com,ภูเก็ต,Accessory Model 34,Accessory,299.0,Y,PAY000238,Bank Transfer,PAID,2026-01-11T02:11:00,627.9
ORD000239,2026-01-27 08:24:00,C0044,P004,2,1490.0,0.0,Marketplace,ลูกค้า 044,customer044@example.com,กรุงเทพมหานคร,Smart Home Model 04,Smart Home,1490.0,Y,PAY000239,Credit Card,PAID,2026-01-27T08:51:00,2980.0
ORD000240,2026-01-01 04:54:00,C0091,P018,1,3990.0,0.0,Mobile App,ลูกค้า 091,customer091@example.com,ชลบุรี,Smartphone Model 18,Smartphone,3990.0,Y,PAY000240,PromptPay,PAID,2026-01-01T06:09:00,3990.0
ORD000241,2026-01-24 06:52:00,C0003,P026,3,12255.0,0.0,Web,ลูกค้า 003,customer003@example.com,ขอนแก่น,Smart Home Model 26,Smart Home,12900.0,Y,PAY000241,Credit Card,PAID,2026-01-24T09:08:00,36765.0
ORD000242,2026-01-08 00:54:00,C0106,P016,2,1490.0,0.0,Web,ลูกค้า 106,customer106@example.com,ภูเก็ต,Accessory Model 16,Accessory,1490.0,Y,PAY000242,Credit Card,PAID,2026-01-08T03:54:00,2980.0
ORD000243,2026-01-19 16:38:00,C0129,P013,3,499.0,0.1,Mobile App,ลูกค้า 129,customer129@example.com,กรุงเทพมหานคร,Smart Home Model 13,Smart Home,499.0,Y,PAY000243,Bank Transfer,PAID,2026-01-19T17:52:00,1347.3
ORD000244,2026-01-16 14:15:00,C0153,P029,2,3990.0,0.05,Web,ลูกค้า 153,customer153@example.com,ขอนแก่น,Notebook Model 29,Notebook,3990.0,Y,PAY000244,PromptPay,PAID,2026-01-16T16:05:00,7581.0
ORD000245,2026-01-11 05:18:00,C0058,P031,1,1415.5,0.1,Web,ลูกค้า 058,,ระยอง,Smart Home Model 31,Smart Home,1490.0,Y,PAY000245,Credit Card,PAID,2026-01-11T06:59:00,1273.95
ORD000246,2026-01-12 03:50:00,C0107,P028,1,269.1,0.05,Mobile App,ลูกค้า 107,customer107@example.com,ระยอง,Smartphone Model 28,Smartphone,299.0,Y,PAY000246,Bank Transfer,PAID,2026-01-12T06:31:00,255.64
ORD000247,2026-01-20 00:13:00,C0025,P029,2,4189.5,0.05,Web,ลูกค้า 025,customer025@example.com,ชลบุรี,Notebook Model 29,Notebook,3990.0,Y,PAY000247,PromptPay,PAID,2026-01-20T01:03:00,7960.05
ORD000248,2026-01-14 08:37:00,C0144,P009,1,284.05,0.0,Mobile App,ลูกค้า 144,customer144@example.com,ภูเก็ต,Notebook Model 09,Notebook,299.0,Y,PAY000248,PromptPay,PAID,2026-01-14T08:56:00,284.05
ORD000249,2026-01-04 01:05:00,C0121,P008,3,499.0,0.0,Web,ลูกค้า 121,customer121@example.com,กรุงเทพมหานคร,Accessory Model 08,Accessory,499.0,Y,PAY000249,Credit Card,PAID,2026-01-04T03:32:00,1497.0
ORD000250,2026-01-20 22:06:00,C0160,P039,3,891.0,0.05,Web,ลูกค้า 160,customer160@example.com,กรุงเทพมหานคร,Notebook Model 39,Notebook,990.0,N,PAY000250,Credit Card,PAID,2026-01-20T23:00:00,2539.35
ORD000251,2026-01-10 23:16:00,C0014,P010,3,891.0,0.1,Web,ลูกค้า 014,customer014@example.com,ขอนแก่น,Smart Home Model 10,Smart Home,990.0,Y,PAY000251,Bank Transfer,PAID,2026-01-11T00:28:00,2405.7
ORD000252,2026-01-12 07:49:00,C0068,P020,1,449.1,0.1,Web,ลูกค้า 068,customer068@example.com,ขอนแก่น,Smart Home Model 20,Smart Home,499.0,Y,PAY000252,Credit Card,PAID,2026-01-12T08:17:00,404.19
ORD000253,2026-01-05 12:14:00,C0139,P029,4,3990.0,0.1,Marketplace,ลูกค้า 139,customer139@example.com,ระยอง,Notebook Model 29,Notebook,3990.0,Y,PAY000253,Bank Transfer,PAID,2026-01-05T14:03:00,14364.0
ORD000254,2026-01-02 14:40:00,C0030,P012,2,990.0,0.0,Mobile App,ลูกค้า 030,customer030@example.com,ชลบุรี,Accessory Model 12,Accessory,990.0,Y,PAY000254,Bank Transfer,PAID,2026-01-02T16:51:00,1980.0
ORD000255,2026-01-26 05:45:00,C0090,P010,2,940.5,0.0,Mobile App,ลูกค้า 090,customer090@example.com,เชียงใหม่,Smart Home Model 10,Smart Home,990.0,Y,PAY000255,PromptPay,PAID,2026-01-26T08:04:00,1881.0
ORD000257,2026-01-15 04:48:00,C0016,P014,1,990.0,0.05,Mobile App,ลูกค้า 016,customer016@example.com,ชลบุรี,Notebook Model 14,Notebook,990.0,Y,PAY000257,Credit Card,PAID,2026-01-15T05:54:00,940.5
ORD000258,2026-01-02 00:35:00,C0050,P002,4,1490.0,0.0,Web,ลูกค้า 050,customer050@example.com,เชียงใหม่,Smartphone Model 02,Smartphone,1490.0,Y,PAY000258,PromptPay,PAID,2026-01-02T02:44:00,5960.0
ORD000259,2026-01-18 01:24:00,C0102,P039,3,1039.5,0.1,Marketplace,ลูกค้า 102,customer102@example.com,ระยอง,Notebook Model 39,Notebook,990.0,N,PAY000259,PromptPay,PAID,2026-01-18T02:01:00,2806.65
ORD000260,2026-01-06 12:56:00,C0151,P029,4,4189.5,0.1,Marketplace,ลูกค้า 151,customer151@example.com,ชลบุรี,Notebook Model 29,Notebook,3990.0,Y,PAY000260,Bank Transfer,PAID,2026-01-06T14:03:00,15082.2
ORD000261,2026-01-19 00:17:00,C0037,P032,1,25900.0,0.0,Web,ลูกค้า 037,customer037@example.com,ภูเก็ต,Notebook Model 32,Notebook,25900.0,Y,PAY000261,Credit Card,PAID,2026-01-19T03:05:00,25900.0
ORD000263,2026-01-21 09:23:00,C0019,P019,2,3990.0,0.1,Mobile App,ลูกค้า 019,customer019@example.com,ระยอง,Smartphone Model 19,Smartphone,3990.0,Y,PAY000263,Bank Transfer,PAID,2026-01-21T12:13:00,7182.0
ORD000264,2026-01-15 23:38:00,C0110,P018,2,3990.0,0.1,Mobile App,ลูกค้า 110,customer110@example.com,เชียงใหม่,Smartphone Model 18,Smartphone,3990.0,Y,PAY000264,Bank Transfer,PAID,2026-01-16T01:52:00,7182.0
ORD000265,2026-01-25 21:34:00,C0116,P031,2,1490.0,0.05,Web,ลูกค้า 116,,ระยอง,Smart Home Model 31,Smart Home,1490.0,Y,PAY000265,PromptPay,PAID,2026-01-25T22:52:00,2831.0
ORD000268,2026-01-13 08:12:00,C0045,P018,3,3591.0,0.0,Mobile App,ลูกค้า 045,customer045@example.com,เชียงใหม่,Smartphone Model 18,Smartphone,3990.0,Y,PAY000268,Credit Card,PAID,2026-01-13T08:58:00,10773.0
ORD000269,2026-01-16 02:11:00,C0115,P012,4,1039.5,0.0,Marketplace,ลูกค้า 115,customer115@example.com,ระยอง,Accessory Model 12,Accessory,990.0,Y,PAY000269,Bank Transfer,PAID,2026-01-16T03:31:00,4158.0
ORD000270,2026-01-12 19:00:00,C0087,P030,3,449.1,0.05,Web,ลูกค้า 087,,กรุงเทพมหานคร,Smartphone Model 30,Smartphone,499.0,Y,PAY000270,Bank Transfer,PAID,2026-01-12T19:18:00,1279.94
ORD000271,2026-01-07 11:25:00,C0091,P035,2,23310.0,0.0,Web,ลูกค้า 091,customer091@example.com,ชลบุรี,Accessory Model 35,Accessory,25900.0,Y,PAY000271,Credit Card,PAID,2026-01-07T14:14:00,46620.0
ORD000272,2026-01-19 03:26:00,C0159,P038,1,13545.0,0.0,Mobile App,ลูกค้า 159,customer159@example.com,ภูเก็ต,Smartphone Model 38,Smartphone,12900.0,N,PAY000272,Credit Card,PAID,2026-01-19T04:25:00,13545.0
ORD000273,2026-01-12 05:23:00,C0008,P005,1,269.1,0.0,Mobile App,ลูกค้า 008,customer008@example.com,ขอนแก่น,Smartphone Model 05,Smartphone,299.0,Y,PAY000273,Credit Card,PAID,2026-01-12T06:20:00,269.1
ORD000274,2026-01-10 19:46:00,C0157,P028,2,299.0,0.0,Web,ลูกค้า 157,customer157@example.com,ระยอง,Smartphone Model 28,Smartphone,299.0,Y,PAY000274,PromptPay,PAID,2026-01-10T22:12:00,598.0
ORD000275,2026-01-28 07:37:00,C0031,P032,1,23310.0,0.0,Mobile App,ลูกค้า 031,customer031@example.com,กรุงเทพมหานคร,Notebook Model 32,Notebook,25900.0,Y,PAY000275,Bank Transfer,PAID,2026-01-28T08:56:00,23310.0
ORD000277,2026-01-08 09:08:00,C0007,P009,3,299.0,0.0,Marketplace,ลูกค้า 007,customer007@example.com,กรุงเทพมหานคร,Notebook Model 09,Notebook,299.0,Y,PAY000277,Bank Transfer,PAID,2026-01-08T11:22:00,897.0
ORD000278,2026-01-09 23:49:00,C0002,P015,2,313.95,0.0,Marketplace,ลูกค้า 002,customer002@example.com,ชลบุรี,Notebook Model 15,Notebook,299.0,Y,PAY000278,Credit Card,PAID,2026-01-10T02:25:00,627.9
ORD000279,2026-01-21 01:07:00,C0004,P040,2,3990.0,0.0,Mobile App,ลูกค้า 004,customer004@example.com,กรุงเทพมหานคร,Accessory Model 40,Accessory,3990.0,N,PAY000279,PromptPay,PAID,2026-01-21T02:34:00,7980.0
ORD000280,2026-01-27 03:52:00,C0101,P004,2,1490.0,0.05,Web,ลูกค้า 101,customer101@example.com,ภูเก็ต,Smart Home Model 04,Smart Home,1490.0,Y,PAY000280,Credit Card,PAID,2026-01-27T04:58:00,2831.0
ORD000281,2026-01-04 23:47:00,C0099,P011,1,23310.0,0.0,Mobile App,ลูกค้า 099,customer099@example.com,ขอนแก่น,Accessory Model 11,Accessory,25900.0,Y,PAY000281,Bank Transfer,PAID,2026-01-05T01:18:00,23310.0
ORD000282,2026-01-18 02:19:00,C0137,P026,1,12900.0,0.0,Marketplace,ลูกค้า 137,customer137@example.com,ภูเก็ต,Smart Home Model 26,Smart Home,12900.0,Y,PAY000282,PromptPay,PAID,2026-01-18T04:13:00,12900.0
ORD000283,2026-01-05 22:30:00,C0078,P010,2,1039.5,0.0,Web,ลูกค้า 078,customer078@example.com,ระยอง,Smart Home Model 10,Smart Home,990.0,Y,PAY000283,PromptPay,PAID,2026-01-05T22:38:00,2079.0
ORD000284,2026-01-07 09:47:00,C0115,P035,3,25900.0,0.0,Web,ลูกค้า 115,customer115@example.com,ระยอง,Accessory Model 35,Accessory,25900.0,Y,PAY000284,PromptPay,PAID,2026-01-07T11:53:00,77700.0
ORD000286,2026-01-25 11:47:00,C0106,P027,2,25900.0,0.05,Marketplace,ลูกค้า 106,customer106@example.com,ภูเก็ต,Smartphone Model 27,Smartphone,25900.0,Y,PAY000286,PromptPay,PAID,2026-01-25T13:38:00,49210.0
ORD000287,2026-01-17 00:04:00,C0074,P026,1,12255.0,0.0,Marketplace,ลูกค้า 074,customer074@example.com,ขอนแก่น,Smart Home Model 26,Smart Home,12900.0,Y,PAY000287,Bank Transfer,PAID,2026-01-17T02:51:00,12255.0
ORD000288,2026-01-07 04:21:00,C0005,P029,3,3990.0,0.0,Marketplace,ลูกค้า 005,customer005@example.com,ระยอง,Notebook Model 29,Notebook,3990.0,Y,PAY000288,PromptPay,PAID,2026-01-07T04:36:00,11970.0
ORD000289,2026-01-15 09:31:00,C0083,P029,3,3790.5,0.0,Marketplace,ลูกค้า 083,customer083@example.com,ขอนแก่น,Notebook Model 29,Notebook,3990.0,Y,PAY000289,Bank Transfer,PAID,2026-01-15T09:43:00,11371.5
ORD000290,2026-01-12 13:01:00,C0038,P034,4,299.0,0.0,Web,ลูกค้า 038,customer038@example.com,ชลบุรี,Accessory Model 34,Accessory,299.0,Y,PAY000290,Credit Card,PAID,2026-01-12T14:21:00,1196.0
ORD000291,2026-01-27 10:12:00,C0158,P036,3,299.0,0.1,Mobile App,ลูกค้า 158,customer158@example.com,เชียงใหม่,Notebook Model 36,Notebook,299.0,Y,PAY000291,PromptPay,PAID,2026-01-27T10:43:00,807.3
ORD000292,2026-01-24 12:23:00,C0130,P013,1,474.05,0.05,Mobile App,ลูกค้า 130,customer130@example.com,ภูเก็ต,Smart Home Model 13,Smart Home,499.0,Y,PAY000292,Bank Transfer,PAID,2026-01-24T14:47:00,450.35
ORD000293,2026-01-12 19:17:00,C0048,P037,3,24605.0,0.0,Web,ลูกค้า 048,customer048@example.com,กรุงเทพมหานคร,Smart Home Model 37,Smart Home,25900.0,Y,PAY000293,PromptPay,PAID,2026-01-12T20:54:00,73815.0
ORD000295,2026-01-04 05:04:00,C0054,P036,2,313.95,0.1,Mobile App,ลูกค้า 054,customer054@example.com,กรุงเทพมหานคร,Notebook Model 36,Notebook,299.0,Y,PAY000295,PromptPay,PAID,2026-01-04T05:52:00,565.11
ORD000296,2026-01-16 06:57:00,C0104,P036,1,284.05,0.0,Marketplace,ลูกค้า 104,customer104@example.com,ระยอง,Notebook Model 36,Notebook,299.0,Y,PAY000296,Bank Transfer,PAID,2026-01-16T07:02:00,284.05
ORD000297,2026-01-15 13:14:00,C0123,P019,2,3990.0,0.05,Mobile App,ลูกค้า 123,customer123@example.com,ระยอง,Smartphone Model 19,Smartphone,3990.0,Y,PAY000297,PromptPay,PAID,2026-01-15T15:38:00,7581.0
ORD000298,2026-01-27 17:42:00,C0122,P039,2,891.0,0.1,Marketplace,ลูกค้า 122,customer122@example.com,ขอนแก่น,Notebook Model 39,Notebook,990.0,N,PAY000298,Credit Card,PAID,2026-01-27T19:15:00,1603.8
ORD000299,2026-01-02 22:35:00,C0009,P021,3,24605.0,0.1,Web,ลูกค้า 009,customer009@example.com,ภูเก็ต,Smart Home Model 21,Smart Home,25900.0,Y,PAY000299,Bank Transfer,PAID,2026-01-03T00:20:00,66433.5
ORD000300,2026-01-20 05:53:00,C0138,P009,2,269.1,0.1,Web,ลูกค้า 138,customer138@example.com,กรุงเทพมหานคร,Notebook Model 09,Notebook,299.0,Y,PAY000300,PromptPay,PAID,2026-01-20T06:26:00,484.38
ORD000301,2026-01-12 08:38:00,C0013,P040,4,3990.0,0.0,Marketplace,ลูกค้า 013,customer013@example.com,เชียงใหม่,Accessory Model 40,Accessory,3990.0,N,PAY000301,Bank Transfer,PAID,2026-01-12T10:45:00,15960.0
ORD000302,2026-01-02 04:34:00,C0081,P026,1,11610.0,0.05,Mobile App,ลูกค้า 081,customer081@example.com,ขอนแก่น,Smart Home Model 26,Smart Home,12900.0,Y,PAY000302,PromptPay,PAID,2026-01-02T06:41:00,11029.5
ORD000303,2026-01-20 15:52:00,C0101,P026,4,12900.0,0.0,Marketplace,ลูกค้า 101,customer101@example.com,ภูเก็ต,Smart Home Model 26,Smart Home,12900.0,Y,PAY000303,PromptPay,PAID,2026-01-20T17:24:00,51600.0
ORD000304,2026-01-04 19:27:00,C0147,P009,4,313.95,0.0,Mobile App,ลูกค้า 147,customer147@example.com,ชลบุรี,Notebook Model 09,Notebook,299.0,Y,PAY000304,Credit Card,PAID,2026-01-04T21:36:00,1255.8
ORD000305,2026-01-26 21:33:00,C0116,P030,1,499.0,0.05,Web,ลูกค้า 116,,ระยอง,Smartphone Model 30,Smartphone,499.0,Y,PAY000305,Credit Card,PAID,2026-01-27T00:16:00,474.05
ORD000306,2026-01-22 16:20:00,C0126,P032,1,27195.0,0.0,Mobile App,ลูกค้า 126,customer126@example.com,เชียงใหม่,Notebook Model 32,Notebook,25900.0,Y,PAY000306,PromptPay,PAID,2026-01-22T16:52:00,27195.0
ORD000307,2026-01-14 05:12:00,C0109,P039,3,1039.5,0.0,Web,ลูกค้า 109,customer109@example.com,กรุงเทพมหานคร,Notebook Model 39,Notebook,990.0,N,PAY000307,Credit Card,PAID,2026-01-14T06:46:00,3118.5
ORD000308,2026-01-06 21:33:00,C0019,P037,4,23310.0,0.0,Marketplace,ลูกค้า 019,customer019@example.com,ระยอง,Smart Home Model 37,Smart Home,25900.0,Y,PAY000308,Credit Card,PAID,2026-01-06T22:49:00,93240.0
ORD000309,2026-01-16 01:10:00,C0081,P015,1,299.0,0.0,Marketplace,ลูกค้า 081,customer081@example.com,ขอนแก่น,Notebook Model 15,Notebook,299.0,Y,PAY000309,PromptPay,PAID,2026-01-16T02:32:00,299.0
ORD000311,2026-01-13 17:06:00,C0144,P032,3,25900.0,0.1,Mobile App,ลูกค้า 144,customer144@example.com,ภูเก็ต,Notebook Model 32,Notebook,25900.0,Y,PAY000311,PromptPay,PAID,2026-01-13T17:17:00,69930.0
ORD000312,2026-01-04 13:24:00,C0011,P026,1,12900.0,0.0,Mobile App,ลูกค้า 011,customer011@example.com,ชลบุรี,Smart Home Model 26,Smart Home,12900.0,Y,PAY000312,PromptPay,PAID,2026-01-04T14:00:00,12900.0
ORD000315,2026-01-21 13:58:00,C0037,P016,1,1564.5,0.0,Marketplace,ลูกค้า 037,customer037@example.com,ภูเก็ต,Accessory Model 16,Accessory,1490.0,Y,PAY000315,Bank Transfer,PAID,2026-01-21T14:19:00,1564.5
ORD000316,2026-01-15 06:25:00,C0140,P021,1,27195.0,0.0,Web,ลูกค้า 140,customer140@example.com,ภูเก็ต,Smart Home Model 21,Smart Home,25900.0,Y,PAY000316,Credit Card,PAID,2026-01-15T09:11:00,27195.0
ORD000317,2026-01-26 07:49:00,C0068,P022,1,499.0,0.0,Marketplace,ลูกค้า 068,customer068@example.com,ขอนแก่น,Accessory Model 22,Accessory,499.0,Y,PAY000317,Bank Transfer,PAID,2026-01-26T10:10:00,499.0
ORD000318,2026-01-04 17:13:00,C0008,P002,1,1490.0,0.0,Mobile App,ลูกค้า 008,customer008@example.com,ขอนแก่น,Smartphone Model 02,Smartphone,1490.0,Y,PAY000318,Credit Card,PAID,2026-01-04T17:44:00,1490.0
ORD000319,2026-01-28 14:43:00,C0150,P013,1,499.0,0.0,Web,ลูกค้า 150,customer150@example.com,เชียงใหม่,Smart Home Model 13,Smart Home,499.0,Y,PAY000319,Bank Transfer,PAID,2026-01-28T17:09:00,499.0
ORD000320,2026-01-05 23:01:00,C0109,P008,1,523.95,0.0,Marketplace,ลูกค้า 109,customer109@example.com,กรุงเทพมหานคร,Accessory Model 08,Accessory,499.0,Y,PAY000320,Bank Transfer,PAID,2026-01-06T00:18:00,523.95
ORD000321,2026-01-04 08:53:00,C0079,P014,1,990.0,0.1,Mobile App,ลูกค้า 079,customer079@example.com,ภูเก็ต,Notebook Model 14,Notebook,990.0,Y,PAY000321,Bank Transfer,PAID,2026-01-04T10:21:00,891.0
ORD000323,2026-01-28 04:05:00,C0151,P032,1,25900.0,0.0,Mobile App,ลูกค้า 151,customer151@example.com,ชลบุรี,Notebook Model 32,Notebook,25900.0,Y,PAY000323,Credit Card,PAID,2026-01-28T04:59:00,25900.0
ORD000324,2026-01-13 14:46:00,C0044,P039,3,891.0,0.1,Mobile App,ลูกค้า 044,customer044@example.com,กรุงเทพมหานคร,Notebook Model 39,Notebook,990.0,N,PAY000324,Bank Transfer,PAID,2026-01-13T17:04:00,2405.7
ORD000325,2026-01-07 06:28:00,C0012,P018,1,4189.5,0.0,Mobile App,ลูกค้า 012,customer012@example.com,ขอนแก่น,Smartphone Model 18,Smartphone,3990.0,Y,PAY000325,Credit Card,PAID,2026-01-07T08:31:00,4189.5
ORD000327,2026-01-09 08:32:00,C0123,P020,3,474.05,0.0,Mobile App,ลูกค้า 123,customer123@example.com,ระยอง,Smart Home Model 20,Smart Home,499.0,Y,PAY000327,PromptPay,PAID,2026-01-09T10:26:00,1422.15
ORD000328,2026-01-23 13:01:00,C0046,P016,2,1341.0,0.0,Mobile App,ลูกค้า 046,customer046@example.com,ชลบุรี,Accessory Model 16,Accessory,1490.0,Y,PAY000328,PromptPay,PAID,2026-01-23T13:55:00,2682.0
ORD000329,2026-01-24 00:32:00,C0140,P008,1,499.0,0.05,Marketplace,ลูกค้า 140,customer140@example.com,ภูเก็ต,Accessory Model 08,Accessory,499.0,Y,PAY000329,Bank Transfer,PAID,2026-01-24T03:18:00,474.05
ORD000330,2026-01-12 11:00:00,C0020,P028,3,269.1,0.0,Web,ลูกค้า 020,customer020@example.com,ขอนแก่น,Smartphone Model 28,Smartphone,299.0,Y,PAY000330,PromptPay,PAID,2026-01-12T11:50:00,807.3
ORD000331,2026-01-24 02:37:00,C0090,P035,1,24605.0,0.0,Marketplace,ลูกค้า 090,customer090@example.com,เชียงใหม่,Accessory Model 35,Accessory,25900.0,Y,PAY000331,Credit Card,PAID,2026-01-24T04:21:00,24605.0
ORD000332,2026-01-23 04:50:00,C0135,P003,2,25900.0,0.05,Marketplace,ลูกค้า 135,customer135@example.com,กรุงเทพมหานคร,Smartphone Model 03,Smartphone,25900.0,Y,PAY000332,Bank Transfer,PAID,2026-01-23T05:08:00,49210.0
ORD000333,2026-01-20 03:21:00,C0143,P011,2,25900.0,0.0,Web,ลูกค้า 143,customer143@example.com,เชียงใหม่,Accessory Model 11,Accessory,25900.0,Y,PAY000333,PromptPay,PAID,2026-01-20T05:27:00,51800.0
ORD000334,2026-01-03 11:55:00,C0090,P021,1,24605.0,0.1,Mobile App,ลูกค้า 090,customer090@example.com,เชียงใหม่,Smart Home Model 21,Smart Home,25900.0,Y,PAY000334,Credit Card,PAID,2026-01-03T14:23:00,22144.5
ORD000335,2026-01-18 07:01:00,C0114,P019,2,3990.0,0.0,Web,ลูกค้า 114,customer114@example.com,เชียงใหม่,Smartphone Model 19,Smartphone,3990.0,Y,PAY000335,Bank Transfer,PAID,2026-01-18T08:42:00,7980.0
ORD000336,2026-01-27 00:17:00,C0058,P021,2,24605.0,0.0,Marketplace,ลูกค้า 058,,ระยอง,Smart Home Model 21,Smart Home,25900.0,Y,PAY000336,Bank Transfer,PAID,2026-01-27T01:36:00,49210.0
ORD000337,2026-01-16 00:09:00,C0061,P019,1,3990.0,0.1,Mobile App,ลูกค้า 061,customer061@example.com,ขอนแก่น,Smartphone Model 19,Smartphone,3990.0,Y,PAY000337,Credit Card,PAID,2026-01-16T00:35:00,3591.0
ORD000338,2026-01-27 15:41:00,C0036,P024,2,313.95,0.0,Marketplace,ลูกค้า 036,customer036@example.com,กรุงเทพมหานคร,Accessory Model 24,Accessory,299.0,Y,PAY000338,Bank Transfer,PAID,2026-01-27T17:48:00,627.9
ORD000339,2026-01-24 07:46:00,C0140,P003,2,24605.0,0.0,Web,ลูกค้า 140,customer140@example.com,ภูเก็ต,Smartphone Model 03,Smartphone,25900.0,Y,PAY000339,PromptPay,PAID,2026-01-24T08:27:00,49210.0
ORD000340,2026-01-21 07:12:00,C0040,P005,3,313.95,0.0,Mobile App,ลูกค้า 040,customer040@example.com,กรุงเทพมหานคร,Smartphone Model 05,Smartphone,299.0,Y,PAY000340,Bank Transfer,PAID,2026-01-21T09:33:00,941.85
ORD000341,2026-01-24 01:27:00,C0159,P012,1,891.0,0.0,Marketplace,ลูกค้า 159,customer159@example.com,ภูเก็ต,Accessory Model 12,Accessory,990.0,Y,PAY000341,Bank Transfer,PAID,2026-01-24T03:27:00,891.0
ORD000342,2026-01-26 00:15:00,C0029,P036,3,299.0,0.1,Web,ลูกค้า 029,,ขอนแก่น,Notebook Model 36,Notebook,299.0,Y,PAY000342,PromptPay,PAID,2026-01-26T01:32:00,807.3
ORD000343,2026-01-24 15:07:00,C0008,P033,4,12900.0,0.0,Mobile App,ลูกค้า 008,customer008@example.com,ขอนแก่น,Smart Home Model 33,Smart Home,12900.0,Y,PAY000343,PromptPay,PAID,2026-01-24T15:32:00,51600.0
ORD000344,2026-01-03 07:19:00,C0140,P032,4,23310.0,0.0,Marketplace,ลูกค้า 140,customer140@example.com,ภูเก็ต,Notebook Model 32,Notebook,25900.0,Y,PAY000344,PromptPay,PAID,2026-01-03T08:00:00,93240.0
ORD000345,2026-01-06 18:55:00,C0129,P012,1,940.5,0.0,Web,ลูกค้า 129,customer129@example.com,กรุงเทพมหานคร,Accessory Model 12,Accessory,990.0,Y,PAY000345,Bank Transfer,PAID,2026-01-06T20:15:00,940.5
ORD000346,2026-01-17 20:22:00,C0018,P021,4,24605.0,0.0,Web,ลูกค้า 018,customer018@example.com,ขอนแก่น,Smart Home Model 21,Smart Home,25900.0,Y,PAY000346,Bank Transfer,PAID,2026-01-17T21:14:00,98420.0
ORD000348,2026-01-08 09:01:00,C0079,P010,4,891.0,0.0,Marketplace,ลูกค้า 079,customer079@example.com,ภูเก็ต,Smart Home Model 10,Smart Home,990.0,Y,PAY000348,Credit Card,PAID,2026-01-08T10:08:00,3564.0
ORD000349,2026-01-13 15:09:00,C0011,P027,4,23310.0,0.1,Mobile App,ลูกค้า 011,customer011@example.com,ชลบุรี,Smartphone Model 27,Smartphone,25900.0,Y,PAY000349,Bank Transfer,PAID,2026-01-13T16:38:00,83916.0
ORD000350,2026-01-11 09:57:00,C0155,P024,2,269.1,0.05,Mobile App,ลูกค้า 155,customer155@example.com,เชียงใหม่,Accessory Model 24,Accessory,299.0,Y,PAY000350,Credit Card,PAID,2026-01-11T11:09:00,511.29
ORD000351,2026-01-17 17:41:00,C0119,P030,2,499.0,0.0,Marketplace,ลูกค้า 119,customer119@example.com,ขอนแก่น,Smartphone Model 30,Smartphone,499.0,Y,PAY000351,Credit Card,PAID,2026-01-17T18:25:00,998.0
ORD000352,2026-01-21 13:44:00,C0076,P022,1,449.1,0.05,Marketplace,ลูกค้า 076,customer076@example.com,ระยอง,Accessory Model 22,Accessory,499.0,Y,PAY000352,Bank Transfer,PAID,2026-01-21T14:08:00,426.64
ORD000353,2026-01-22 13:13:00,C0032,P006,1,299.0,0.0,Marketplace,ลูกค้า 032,customer032@example.com,ระยอง,Accessory Model 06,Accessory,299.0,Y,PAY000353,Bank Transfer,PAID,2026-01-22T15:41:00,299.0
ORD000354,2026-01-19 08:37:00,C0032,P023,1,299.0,0.0,Marketplace,ลูกค้า 032,customer032@example.com,ระยอง,Accessory Model 23,Accessory,299.0,Y,PAY000354,Bank Transfer,PAID,2026-01-19T10:06:00,299.0
ORD000355,2026-01-10 07:21:00,C0112,P016,1,1564.5,0.0,Marketplace,ลูกค้า 112,customer112@example.com,กรุงเทพมหานคร,Accessory Model 16,Accessory,1490.0,Y,PAY000355,Bank Transfer,PAID,2026-01-10T07:25:00,1564.5
ORD000356,2026-01-02 23:47:00,C0158,P016,2,1564.5,0.05,Marketplace,ลูกค้า 158,customer158@example.com,เชียงใหม่,Accessory Model 16,Accessory,1490.0,Y,PAY000356,Credit Card,PAID,2026-01-03T01:50:00,2972.55
ORD000357,2026-01-18 15:19:00,C0087,P020,2,449.1,0.05,Marketplace,ลูกค้า 087,,กรุงเทพมหานคร,Smart Home Model 20,Smart Home,499.0,Y,PAY000357,Credit Card,PAID,2026-01-18T17:51:00,853.29
ORD000358,2026-01-05 18:00:00,C0063,P002,4,1415.5,0.1,Mobile App,ลูกค้า 063,customer063@example.com,ระยอง,Smartphone Model 02,Smartphone,1490.0,Y,PAY000358,Credit Card,PAID,2026-01-05T18:03:00,5095.8
ORD000359,2026-01-14 22:16:00,C0151,P016,1,1564.5,0.0,Marketplace,ลูกค้า 151,customer151@example.com,ชลบุรี,Accessory Model 16,Accessory,1490.0,Y,PAY000359,Bank Transfer,PAID,2026-01-14T22:52:00,1564.5
ORD000360,2026-01-24 07:27:00,C0009,P015,2,269.1,0.0,Marketplace,ลูกค้า 009,customer009@example.com,ภูเก็ต,Notebook Model 15,Notebook,299.0,Y,PAY000360,Credit Card,PAID,2026-01-24T09:45:00,538.2
ORD000056,2026-01-07 05:17:00,C0083,P017,1,990.0,0.0,Web,ลูกค้า 083,customer083@example.com,ขอนแก่น,Smartphone Model 17,Smartphone,990.0,Y,PAY000056,Bank Transfer,PAID,2026-01-07T07:02:00,990.0
ORD000361,2026-02-19 02:59:00,C0124,P019,1,4189.5,0.05,Web,ลูกค้า 124,customer124@example.com,กรุงเทพมหานคร,Smartphone Model 19,Smartphone,3990.0,Y,PAY000361,Bank Transfer,PAID,2026-02-19T05:29:00,3980.02
ORD000362,2026-02-20 07:33:00,C0072,P039,2,940.5,0.05,Web,ลูกค้า 072,customer072@example.com,เชียงใหม่,Notebook Model 39,Notebook,990.0,N,PAY000362,PromptPay,PAID,2026-02-20T08:35:00,1786.95
ORD000363,2026-02-08 06:17:00,C0136,P014,2,940.5,0.05,Mobile App,ลูกค้า 136,customer136@example.com,ระยอง,Notebook Model 14,Notebook,990.0,Y,PAY000363,PromptPay,PAID,2026-02-08T08:22:00,1786.95
ORD000364,2026-02-16 06:58:00,C0077,P038,2,12900.0,0.0,Web,ลูกค้า 077,customer077@example.com,เชียงใหม่,Smartphone Model 38,Smartphone,12900.0,N,PAY000364,Credit Card,PAID,2026-02-16T07:47:00,25800.0
ORD000365,2026-02-23 13:30:00,C0139,P004,2,1490.0,0.0,Marketplace,ลูกค้า 139,customer139@example.com,ระยอง,Smart Home Model 04,Smart Home,1490.0,Y,PAY000365,Credit Card,PAID,2026-02-23T13:35:00,2980.0
ORD000366,2026-02-14 20:28:00,C0088,P004,1,1490.0,0.0,Marketplace,ลูกค้า 088,customer088@example.com,ภูเก็ต,Smart Home Model 04,Smart Home,1490.0,Y,PAY000366,Credit Card,PAID,2026-02-14T20:32:00,1490.0
ORD000369,2026-02-22 01:54:00,C0037,P033,3,13545.0,0.0,Mobile App,ลูกค้า 037,customer037@example.com,ภูเก็ต,Smart Home Model 33,Smart Home,12900.0,Y,PAY000369,Credit Card,PAID,2026-02-22T03:25:00,40635.0
ORD000370,2026-02-05 13:06:00,C0050,P006,2,284.05,0.05,Marketplace,ลูกค้า 050,customer050@example.com,เชียงใหม่,Accessory Model 06,Accessory,299.0,Y,PAY000370,PromptPay,PAID,2026-02-05T15:17:00,539.7
ORD000371,2026-02-06 02:30:00,C0155,P029,4,3990.0,0.0,Web,ลูกค้า 155,customer155@example.com,เชียงใหม่,Notebook Model 29,Notebook,3990.0,Y,PAY000371,PromptPay,PAID,2026-02-06T05:03:00,15960.0
ORD000372,2026-02-03 18:30:00,C0096,P025,2,27195.0,0.1,Mobile App,ลูกค้า 096,customer096@example.com,กรุงเทพมหานคร,Accessory Model 25,Accessory,25900.0,Y,PAY000372,Bank Transfer,PAID,2026-02-03T20:56:00,48951.0
ORD000373,2026-02-05 22:22:00,C0081,P028,1,269.1,0.05,Marketplace,ลูกค้า 081,customer081@example.com,ขอนแก่น,Smartphone Model 28,Smartphone,299.0,Y,PAY000373,Credit Card,PAID,2026-02-05T23:00:00,255.64
ORD000374,2026-02-12 03:57:00,C0101,P040,1,3591.0,0.0,Web,ลูกค้า 101,customer101@example.com,ภูเก็ต,Accessory Model 40,Accessory,3990.0,N,PAY000374,Credit Card,PAID,2026-02-12T05:01:00,3591.0
ORD000375,2026-02-16 10:59:00,C0034,P008,1,474.05,0.05,Web,ลูกค้า 034,customer034@example.com,ภูเก็ต,Accessory Model 08,Accessory,499.0,Y,PAY000375,PromptPay,PAID,2026-02-16T11:10:00,450.35
ORD000376,2026-02-26 11:51:00,C0155,P027,4,27195.0,0.0,Mobile App,ลูกค้า 155,customer155@example.com,เชียงใหม่,Smartphone Model 27,Smartphone,25900.0,Y,PAY000376,Credit Card,PAID,2026-02-26T13:45:00,108780.0
ORD000377,2026-02-18 10:54:00,C0114,P014,1,891.0,0.0,Web,ลูกค้า 114,customer114@example.com,เชียงใหม่,Notebook Model 14,Notebook,990.0,Y,PAY000377,PromptPay,PAID,2026-02-18T13:06:00,891.0
ORD000378,2026-02-03 18:47:00,C0118,P002,4,1415.5,0.1,Marketplace,ลูกค้า 118,customer118@example.com,ระยอง,Smartphone Model 02,Smartphone,1490.0,Y,PAY000378,Credit Card,PAID,2026-02-03T21:18:00,5095.8
ORD000379,2026-02-26 21:04:00,C0002,P010,1,1039.5,0.05,Mobile App,ลูกค้า 002,customer002@example.com,ชลบุรี,Smart Home Model 10,Smart Home,990.0,Y,PAY000379,Credit Card,PAID,2026-02-26T23:45:00,987.52
ORD000380,2026-02-04 17:51:00,C0045,P026,3,11610.0,0.05,Web,ลูกค้า 045,customer045@example.com,เชียงใหม่,Smart Home Model 26,Smart Home,12900.0,Y,PAY000380,PromptPay,PAID,2026-02-04T18:14:00,33088.5
ORD000381,2026-02-09 10:43:00,C0077,P007,1,24605.0,0.0,Mobile App,ลูกค้า 077,customer077@example.com,เชียงใหม่,Notebook Model 07,Notebook,25900.0,Y,PAY000381,Bank Transfer,PAID,2026-02-09T13:34:00,24605.0
ORD000384,2026-02-14 07:10:00,C0013,P038,1,13545.0,0.05,Marketplace,ลูกค้า 013,customer013@example.com,เชียงใหม่,Smartphone Model 38,Smartphone,12900.0,N,PAY000384,PromptPay,PAID,2026-02-14T07:53:00,12867.75
ORD000385,2026-02-12 03:57:00,C0089,P028,4,299.0,0.0,Web,ลูกค้า 089,customer089@example.com,ชลบุรี,Smartphone Model 28,Smartphone,299.0,Y,PAY000385,Credit Card,PAID,2026-02-12T06:23:00,1196.0
ORD000387,2026-02-12 10:15:00,C0071,P028,4,313.95,0.0,Marketplace,ลูกค้า 071,customer071@example.com,ชลบุรี,Smartphone Model 28,Smartphone,299.0,Y,PAY000387,Bank Transfer,PAID,2026-02-12T11:47:00,1255.8
ORD000388,2026-02-22 14:44:00,C0100,P018,2,3591.0,0.0,Web,ลูกค้า 100,customer100@example.com,กรุงเทพมหานคร,Smartphone Model 18,Smartphone,3990.0,Y,PAY000388,Credit Card,PAID,2026-02-22T17:25:00,7182.0
ORD000389,2026-02-15 15:29:00,C0051,P032,2,25900.0,0.0,Marketplace,ลูกค้า 051,customer051@example.com,เชียงใหม่,Notebook Model 32,Notebook,25900.0,Y,PAY000389,Credit Card,PAID,2026-02-15T18:16:00,51800.0
ORD000390,2026-02-04 07:56:00,C0159,P026,3,11610.0,0.0,Mobile App,ลูกค้า 159,customer159@example.com,ภูเก็ต,Smart Home Model 26,Smart Home,12900.0,Y,PAY000390,Bank Transfer,PAID,2026-02-04T09:09:00,34830.0
ORD000391,2026-02-18 08:58:00,C0101,P020,2,449.1,0.0,Mobile App,ลูกค้า 101,customer101@example.com,ภูเก็ต,Smart Home Model 20,Smart Home,499.0,Y,PAY000391,Credit Card,PAID,2026-02-18T09:31:00,898.2
ORD000392,2026-02-26 06:39:00,C0107,P023,1,269.1,0.0,Mobile App,ลูกค้า 107,customer107@example.com,ระยอง,Accessory Model 23,Accessory,299.0,Y,PAY000392,Credit Card,PAID,2026-02-26T08:14:00,269.1
ORD000394,2026-02-06 06:54:00,C0015,P007,2,24605.0,0.1,Web,ลูกค้า 015,customer015@example.com,ภูเก็ต,Notebook Model 07,Notebook,25900.0,Y,PAY000394,Bank Transfer,PAID,2026-02-06T09:38:00,44289.0
ORD000395,2026-02-12 15:38:00,C0008,P020,1,499.0,0.0,Web,ลูกค้า 008,customer008@example.com,ขอนแก่น,Smart Home Model 20,Smart Home,499.0,Y,PAY000395,Bank Transfer,PAID,2026-02-12T15:41:00,499.0
ORD000397,2026-02-06 11:40:00,C0015,P040,2,3990.0,0.1,Marketplace,ลูกค้า 015,customer015@example.com,ภูเก็ต,Accessory Model 40,Accessory,3990.0,N,PAY000397,PromptPay,PAID,2026-02-06T12:31:00,7182.0
ORD000398,2026-02-20 16:01:00,C0095,P040,2,3990.0,0.0,Marketplace,ลูกค้า 095,customer095@example.com,ระยอง,Accessory Model 40,Accessory,3990.0,N,PAY000398,Credit Card,PAID,2026-02-20T17:09:00,7980.0
ORD000400,2026-02-19 15:10:00,C0078,P035,4,27195.0,0.0,Web,ลูกค้า 078,customer078@example.com,ระยอง,Accessory Model 35,Accessory,25900.0,Y,PAY000400,PromptPay,PAID,2026-02-19T17:01:00,108780.0
ORD000401,2026-02-16 16:25:00,C0085,P013,3,499.0,0.1,Marketplace,ลูกค้า 085,customer085@example.com,กรุงเทพมหานคร,Smart Home Model 13,Smart Home,499.0,Y,PAY000401,Bank Transfer,PAID,2026-02-16T18:28:00,1347.3
ORD000402,2026-02-16 20:27:00,C0084,P030,1,523.95,0.05,Web,ลูกค้า 084,customer084@example.com,กรุงเทพมหานคร,Smartphone Model 30,Smartphone,499.0,Y,PAY000402,PromptPay,PAID,2026-02-16T23:00:00,497.75
ORD000403,2026-02-17 06:30:00,C0107,P031,1,1490.0,0.0,Mobile App,ลูกค้า 107,customer107@example.com,ระยอง,Smart Home Model 31,Smart Home,1490.0,Y,PAY000403,Credit Card,PAID,2026-02-17T08:01:00,1490.0
ORD000405,2026-02-27 09:47:00,C0070,P001,1,299.0,0.0,Marketplace,ลูกค้า 070,customer070@example.com,เชียงใหม่,Notebook Model 01,Notebook,299.0,Y,PAY000405,PromptPay,PAID,2026-02-27T10:57:00,299.0
ORD000406,2026-02-04 00:37:00,C0144,P035,3,23310.0,0.0,Web,ลูกค้า 144,customer144@example.com,ภูเก็ต,Accessory Model 35,Accessory,25900.0,Y,PAY000406,Credit Card,PAID,2026-02-04T01:48:00,69930.0
ORD000407,2026-02-28 08:21:00,C0100,P027,4,23310.0,0.1,Web,ลูกค้า 100,customer100@example.com,กรุงเทพมหานคร,Smartphone Model 27,Smartphone,25900.0,Y,PAY000407,PromptPay,PAID,2026-02-28T11:09:00,83916.0
ORD000408,2026-02-27 20:30:00,C0047,P032,2,25900.0,0.05,Marketplace,ลูกค้า 047,customer047@example.com,ระยอง,Notebook Model 32,Notebook,25900.0,Y,PAY000408,PromptPay,PAID,2026-02-27T20:36:00,49210.0
ORD000409,2026-02-17 18:03:00,C0071,P035,3,27195.0,0.0,Mobile App,ลูกค้า 071,customer071@example.com,ชลบุรี,Accessory Model 35,Accessory,25900.0,Y,PAY000409,Credit Card,PAID,2026-02-17T18:22:00,81585.0
ORD000411,2026-02-10 01:56:00,C0030,P025,1,25900.0,0.0,Mobile App,ลูกค้า 030,customer030@example.com,ชลบุรี,Accessory Model 25,Accessory,25900.0,Y,PAY000411,Credit Card,PAID,2026-02-10T04:29:00,25900.0
ORD000412,2026-02-11 23:14:00,C0088,P025,2,25900.0,0.0,Web,ลูกค้า 088,customer088@example.com,ภูเก็ต,Accessory Model 25,Accessory,25900.0,Y,PAY000412,Credit Card,PAID,2026-02-12T02:03:00,51800.0
ORD000413,2026-02-12 05:32:00,C0125,P005,2,313.95,0.0,Web,ลูกค้า 125,customer125@example.com,เชียงใหม่,Smartphone Model 05,Smartphone,299.0,Y,PAY000413,Bank Transfer,PAID,2026-02-12T07:20:00,627.9
ORD000414,2026-02-18 15:53:00,C0072,P019,1,3591.0,0.0,Web,ลูกค้า 072,customer072@example.com,เชียงใหม่,Smartphone Model 19,Smartphone,3990.0,Y,PAY000414,Credit Card,PAID,2026-02-18T17:19:00,3591.0
ORD000415,2026-02-15 12:42:00,C0007,P037,4,24605.0,0.0,Marketplace,ลูกค้า 007,customer007@example.com,กรุงเทพมหานคร,Smart Home Model 37,Smart Home,25900.0,Y,PAY000415,Credit Card,PAID,2026-02-15T13:09:00,98420.0
ORD000418,2026-02-26 17:39:00,C0097,P018,2,3790.5,0.05,Marketplace,ลูกค้า 097,customer097@example.com,เชียงใหม่,Smartphone Model 18,Smartphone,3990.0,Y,PAY000418,Credit Card,PAID,2026-02-26T19:56:00,7201.95
ORD000419,2026-02-12 23:28:00,C0015,P002,1,1341.0,0.1,Marketplace,ลูกค้า 015,customer015@example.com,ภูเก็ต,Smartphone Model 02,Smartphone,1490.0,Y,PAY000419,Bank Transfer,PAID,2026-02-13T02:09:00,1206.9
ORD000420,2026-02-09 09:44:00,C0056,P021,1,23310.0,0.1,Mobile App,ลูกค้า 056,customer056@example.com,เชียงใหม่,Smart Home Model 21,Smart Home,25900.0,Y,PAY000420,Bank Transfer,PAID,2026-02-09T12:05:00,20979.0
ORD000421,2026-02-14 04:43:00,C0160,P023,3,284.05,0.1,Marketplace,ลูกค้า 160,customer160@example.com,กรุงเทพมหานคร,Accessory Model 23,Accessory,299.0,Y,PAY000421,Bank Transfer,PAID,2026-02-14T06:37:00,766.94
ORD000422,2026-02-27 13:36:00,C0160,P001,3,299.0,0.0,Mobile App,ลูกค้า 160,customer160@example.com,กรุงเทพมหานคร,Notebook Model 01,Notebook,299.0,Y,PAY000422,PromptPay,PAID,2026-02-27T16:23:00,897.0
ORD000423,2026-02-04 18:44:00,C0047,P027,4,24605.0,0.0,Web,ลูกค้า 047,customer047@example.com,ระยอง,Smartphone Model 27,Smartphone,25900.0,Y,PAY000423,Bank Transfer,PAID,2026-02-04T21:21:00,98420.0
ORD000424,2026-02-19 22:35:00,C0002,P007,1,24605.0,0.05,Web,ลูกค้า 002,customer002@example.com,ชลบุรี,Notebook Model 07,Notebook,25900.0,Y,PAY000424,Credit Card,PAID,2026-02-19T22:53:00,23374.75
ORD000425,2026-02-17 18:53:00,C0145,P003,2,25900.0,0.0,Web,ลูกค้า 145,,ภูเก็ต,Smartphone Model 03,Smartphone,25900.0,Y,PAY000425,PromptPay,PAID,2026-02-17T21:34:00,51800.0
ORD000426,2026-02-25 09:55:00,C0043,P027,4,25900.0,0.0,Web,ลูกค้า 043,customer043@example.com,ระยอง,Smartphone Model 27,Smartphone,25900.0,Y,PAY000426,Credit Card,PAID,2026-02-25T11:08:00,103600.0
ORD000428,2026-02-01 09:32:00,C0036,P032,2,27195.0,0.0,Mobile App,ลูกค้า 036,customer036@example.com,กรุงเทพมหานคร,Notebook Model 32,Notebook,25900.0,Y,PAY000428,Bank Transfer,PAID,2026-02-01T11:02:00,54390.0
ORD000429,2026-02-02 17:59:00,C0036,P004,3,1490.0,0.0,Web,ลูกค้า 036,customer036@example.com,กรุงเทพมหานคร,Smart Home Model 04,Smart Home,1490.0,Y,PAY000429,PromptPay,PAID,2026-02-02T20:32:00,4470.0
ORD000431,2026-02-05 17:40:00,C0017,P019,1,3790.5,0.1,Marketplace,ลูกค้า 017,customer017@example.com,กรุงเทพมหานคร,Smartphone Model 19,Smartphone,3990.0,Y,PAY000431,Credit Card,PAID,2026-02-05T18:01:00,3411.45
ORD000432,2026-02-04 04:23:00,C0119,P025,4,25900.0,0.0,Marketplace,ลูกค้า 119,customer119@example.com,ขอนแก่น,Accessory Model 25,Accessory,25900.0,Y,PAY000432,PromptPay,PAID,2026-02-04T06:56:00,103600.0
ORD000433,2026-02-11 22:26:00,C0043,P009,2,284.05,0.05,Mobile App,ลูกค้า 043,customer043@example.com,ระยอง,Notebook Model 09,Notebook,299.0,Y,PAY000433,Bank Transfer,PAID,2026-02-11T23:59:00,539.7
ORD000434,2026-02-23 16:44:00,C0114,P025,1,25900.0,0.1,Mobile App,ลูกค้า 114,customer114@example.com,เชียงใหม่,Accessory Model 25,Accessory,25900.0,Y,PAY000434,Bank Transfer,PAID,2026-02-23T19:04:00,23310.0
ORD000435,2026-02-13 04:16:00,C0130,P010,2,891.0,0.05,Mobile App,ลูกค้า 130,customer130@example.com,ภูเก็ต,Smart Home Model 10,Smart Home,990.0,Y,PAY000435,PromptPay,PAID,2026-02-13T06:40:00,1692.9
ORD000437,2026-02-24 08:52:00,C0059,P014,2,990.0,0.0,Web,ลูกค้า 059,customer059@example.com,ระยอง,Notebook Model 14,Notebook,990.0,Y,PAY000437,PromptPay,PAID,2026-02-24T11:51:00,1980.0
ORD000439,2026-02-20 02:29:00,C0112,P002,3,1564.5,0.0,Mobile App,ลูกค้า 112,customer112@example.com,กรุงเทพมหานคร,Smartphone Model 02,Smartphone,1490.0,Y,PAY000439,Credit Card,PAID,2026-02-20T05:19:00,4693.5
ORD000440,2026-02-22 17:06:00,C0063,P008,2,449.1,0.0,Web,ลูกค้า 063,customer063@example.com,ระยอง,Accessory Model 08,Accessory,499.0,Y,PAY000440,Credit Card,PAID,2026-02-22T18:29:00,898.2
ORD000441,2026-02-22 07:08:00,C0032,P024,1,299.0,0.0,Mobile App,ลูกค้า 032,customer032@example.com,ระยอง,Accessory Model 24,Accessory,299.0,Y,PAY000441,Bank Transfer,PAID,2026-02-22T07:12:00,299.0
ORD000442,2026-02-23 13:16:00,C0105,P010,1,1039.5,0.1,Marketplace,ลูกค้า 105,customer105@example.com,ภูเก็ต,Smart Home Model 10,Smart Home,990.0,Y,PAY000442,PromptPay,PAID,2026-02-23T14:37:00,935.55
ORD000443,2026-02-19 19:44:00,C0117,P003,4,24605.0,0.0,Web,ลูกค้า 117,customer117@example.com,ชลบุรี,Smartphone Model 03,Smartphone,25900.0,Y,PAY000443,PromptPay,PAID,2026-02-19T19:47:00,98420.0
ORD000444,2026-02-12 16:42:00,C0030,P030,3,499.0,0.0,Marketplace,ลูกค้า 030,customer030@example.com,ชลบุรี,Smartphone Model 30,Smartphone,499.0,Y,PAY000444,PromptPay,PAID,2026-02-12T17:48:00,1497.0
ORD000445,2026-02-10 13:38:00,C0054,P025,1,24605.0,0.0,Mobile App,ลูกค้า 054,customer054@example.com,กรุงเทพมหานคร,Accessory Model 25,Accessory,25900.0,Y,PAY000445,Bank Transfer,PAID,2026-02-10T14:36:00,24605.0
ORD000446,2026-02-09 12:07:00,C0062,P012,1,990.0,0.0,Mobile App,ลูกค้า 062,customer062@example.com,ระยอง,Accessory Model 12,Accessory,990.0,Y,PAY000446,Bank Transfer,PAID,2026-02-09T13:35:00,990.0
ORD000447,2026-02-24 03:42:00,C0085,P024,1,313.95,0.0,Mobile App,ลูกค้า 085,customer085@example.com,กรุงเทพมหานคร,Accessory Model 24,Accessory,299.0,Y,PAY000447,PromptPay,PAID,2026-02-24T03:49:00,313.95
ORD000448,2026-02-15 13:01:00,C0096,P004,2,1341.0,0.05,Web,ลูกค้า 096,customer096@example.com,กรุงเทพมหานคร,Smart Home Model 04,Smart Home,1490.0,Y,PAY000448,PromptPay,PAID,2026-02-15T15:20:00,2547.9
ORD000449,2026-02-27 08:06:00,C0038,P031,3,1341.0,0.0,Web,ลูกค้า 038,customer038@example.com,ชลบุรี,Smart Home Model 31,Smart Home,1490.0,Y,PAY000449,Credit Card,PAID,2026-02-27T08:23:00,4023.0
ORD000450,2026-02-08 18:36:00,C0037,P011,1,25900.0,0.0,Marketplace,ลูกค้า 037,customer037@example.com,ภูเก็ต,Accessory Model 11,Accessory,25900.0,Y,PAY000450,Credit Card,PAID,2026-02-08T20:03:00,25900.0
ORD000451,2026-02-15 01:08:00,C0028,P032,4,27195.0,0.05,Marketplace,ลูกค้า 028,customer028@example.com,ขอนแก่น,Notebook Model 32,Notebook,25900.0,Y,PAY000451,Bank Transfer,PAID,2026-02-15T03:31:00,103341.0
ORD000452,2026-02-12 08:11:00,C0022,P005,4,299.0,0.0,Mobile App,ลูกค้า 022,customer022@example.com,กรุงเทพมหานคร,Smartphone Model 05,Smartphone,299.0,Y,PAY000452,Credit Card,PAID,2026-02-12T11:02:00,1196.0
ORD000453,2026-02-02 03:17:00,C0105,P040,3,3990.0,0.05,Web,ลูกค้า 105,customer105@example.com,ภูเก็ต,Accessory Model 40,Accessory,3990.0,N,PAY000453,PromptPay,PAID,2026-02-02T05:28:00,11371.5
ORD000454,2026-02-17 21:52:00,C0087,P011,1,27195.0,0.05,Mobile App,ลูกค้า 087,,กรุงเทพมหานคร,Accessory Model 11,Accessory,25900.0,Y,PAY000454,Bank Transfer,PAID,2026-02-17T23:01:00,25835.25
ORD000456,2026-02-19 18:32:00,C0155,P039,3,990.0,0.1,Web,ลูกค้า 155,customer155@example.com,เชียงใหม่,Notebook Model 39,Notebook,990.0,N,PAY000456,Bank Transfer,PAID,2026-02-19T19:21:00,2673.0
ORD000460,2026-02-17 04:59:00,C0040,P011,3,27195.0,0.0,Mobile App,ลูกค้า 040,customer040@example.com,กรุงเทพมหานคร,Accessory Model 11,Accessory,25900.0,Y,PAY000460,Bank Transfer,PAID,2026-02-17T05:29:00,81585.0
ORD000461,2026-02-12 00:01:00,C0143,P015,2,299.0,0.1,Mobile App,ลูกค้า 143,customer143@example.com,เชียงใหม่,Notebook Model 15,Notebook,299.0,Y,PAY000461,PromptPay,PAID,2026-02-12T01:41:00,538.2
ORD000462,2026-02-28 03:21:00,C0077,P003,2,25900.0,0.05,Mobile App,ลูกค้า 077,customer077@example.com,เชียงใหม่,Smartphone Model 03,Smartphone,25900.0,Y,PAY000462,Bank Transfer,PAID,2026-02-28T03:51:00,49210.0
ORD000463,2026-02-20 13:20:00,C0062,P030,4,523.95,0.0,Marketplace,ลูกค้า 062,customer062@example.com,ระยอง,Smartphone Model 30,Smartphone,499.0,Y,PAY000463,PromptPay,PAID,2026-02-20T14:06:00,2095.8
ORD000465,2026-02-12 07:50:00,C0002,P011,1,27195.0,0.1,Mobile App,ลูกค้า 002,customer002@example.com,ชลบุรี,Accessory Model 11,Accessory,25900.0,Y,PAY000465,PromptPay,PAID,2026-02-12T09:18:00,24475.5
ORD000466,2026-02-17 18:53:00,C0044,P004,1,1341.0,0.0,Mobile App,ลูกค้า 044,customer044@example.com,กรุงเทพมหานคร,Smart Home Model 04,Smart Home,1490.0,Y,PAY000466,Bank Transfer,PAID,2026-02-17T19:26:00,1341.0
ORD000467,2026-02-26 11:09:00,C0117,P017,4,990.0,0.1,Mobile App,ลูกค้า 117,customer117@example.com,ชลบุรี,Smartphone Model 17,Smartphone,990.0,Y,PAY000467,PromptPay,PAID,2026-02-26T13:26:00,3564.0
ORD000469,2026-02-20 23:00:00,C0033,P004,4,1415.5,0.05,Marketplace,ลูกค้า 033,customer033@example.com,ระยอง,Smart Home Model 04,Smart Home,1490.0,Y,PAY000469,Bank Transfer,PAID,2026-02-21T00:18:00,5378.9
ORD000470,2026-02-21 21:44:00,C0076,P004,2,1415.5,0.0,Mobile App,ลูกค้า 076,customer076@example.com,ระยอง,Smart Home Model 04,Smart Home,1490.0,Y,PAY000470,Credit Card,PAID,2026-02-22T00:16:00,2831.0
ORD000471,2026-02-13 13:59:00,C0068,P032,4,27195.0,0.0,Web,ลูกค้า 068,customer068@example.com,ขอนแก่น,Notebook Model 32,Notebook,25900.0,Y,PAY000471,PromptPay,PAID,2026-02-13T14:43:00,108780.0
ORD000472,2026-02-06 07:32:00,C0155,P017,2,1039.5,0.1,Mobile App,ลูกค้า 155,customer155@example.com,เชียงใหม่,Smartphone Model 17,Smartphone,990.0,Y,PAY000472,Credit Card,PAID,2026-02-06T09:03:00,1871.1
ORD000473,2026-02-06 17:53:00,C0059,P005,1,299.0,0.0,Marketplace,ลูกค้า 059,customer059@example.com,ระยอง,Smartphone Model 05,Smartphone,299.0,Y,PAY000473,Credit Card,PAID,2026-02-06T19:42:00,299.0
ORD000474,2026-02-05 22:44:00,C0008,P019,1,4189.5,0.0,Web,ลูกค้า 008,customer008@example.com,ขอนแก่น,Smartphone Model 19,Smartphone,3990.0,Y,PAY000474,PromptPay,PAID,2026-02-05T23:58:00,4189.5
ORD000475,2026-02-15 05:43:00,C0085,P018,2,3790.5,0.0,Web,ลูกค้า 085,customer085@example.com,กรุงเทพมหานคร,Smartphone Model 18,Smartphone,3990.0,Y,PAY000475,Credit Card,PAID,2026-02-15T07:58:00,7581.0
ORD000476,2026-02-10 18:54:00,C0006,P018,1,4189.5,0.0,Mobile App,ลูกค้า 006,customer006@example.com,ระยอง,Smartphone Model 18,Smartphone,3990.0,Y,PAY000476,PromptPay,PAID,2026-02-10T21:18:00,4189.5
ORD000477,2026-02-28 08:44:00,C0092,P031,3,1341.0,0.0,Marketplace,ลูกค้า 092,customer092@example.com,กรุงเทพมหานคร,Smart Home Model 31,Smart Home,1490.0,Y,PAY000477,Credit Card,PAID,2026-02-28T11:14:00,4023.0
ORD000478,2026-02-18 15:30:00,C0097,P038,4,12900.0,0.0,Web,ลูกค้า 097,customer097@example.com,เชียงใหม่,Smartphone Model 38,Smartphone,12900.0,N,PAY000478,Credit Card,PAID,2026-02-18T15:59:00,51600.0
ORD000479,2026-02-22 17:01:00,C0013,P009,1,269.1,0.0,Mobile App,ลูกค้า 013,customer013@example.com,เชียงใหม่,Notebook Model 09,Notebook,299.0,Y,PAY000479,Credit Card,PAID,2026-02-22T17:26:00,269.1
ORD000480,2026-02-16 08:07:00,C0029,P018,1,3790.5,0.0,Mobile App,ลูกค้า 029,,ขอนแก่น,Smartphone Model 18,Smartphone,3990.0,Y,PAY000480,Credit Card,PAID,2026-02-16T09:11:00,3790.5
ORD000481,2026-02-25 14:58:00,C0052,P034,1,299.0,0.0,Web,ลูกค้า 052,customer052@example.com,ระยอง,Accessory Model 34,Accessory,299.0,Y,PAY000481,PromptPay,PAID,2026-02-25T17:06:00,299.0
ORD000482,2026-02-28 09:31:00,C0036,P038,1,13545.0,0.0,Web,ลูกค้า 036,customer036@example.com,กรุงเทพมหานคร,Smartphone Model 38,Smartphone,12900.0,N,PAY000482,Credit Card,PAID,2026-02-28T10:00:00,13545.0
ORD000483,2026-02-04 18:05:00,C0010,P037,2,25900.0,0.0,Marketplace,ลูกค้า 010,customer010@example.com,ชลบุรี,Smart Home Model 37,Smart Home,25900.0,Y,PAY000483,PromptPay,PAID,2026-02-04T19:05:00,51800.0
ORD000484,2026-02-01 01:38:00,C0048,P016,1,1564.5,0.0,Marketplace,ลูกค้า 048,customer048@example.com,กรุงเทพมหานคร,Accessory Model 16,Accessory,1490.0,Y,PAY000484,Bank Transfer,PAID,2026-02-01T02:25:00,1564.5
ORD000485,2026-02-23 04:34:00,C0095,P017,4,891.0,0.0,Web,ลูกค้า 095,customer095@example.com,ระยอง,Smartphone Model 17,Smartphone,990.0,Y,PAY000485,PromptPay,PAID,2026-02-23T05:43:00,3564.0
ORD000487,2026-02-03 22:11:00,C0092,P010,1,990.0,0.0,Mobile App,ลูกค้า 092,customer092@example.com,กรุงเทพมหานคร,Smart Home Model 10,Smart Home,990.0,Y,PAY000487,PromptPay,PAID,2026-02-03T23:18:00,990.0
ORD000489,2026-02-21 22:56:00,C0103,P010,1,990.0,0.0,Web,ลูกค้า 103,customer103@example.com,ขอนแก่น,Smart Home Model 10,Smart Home,990.0,Y,PAY000489,PromptPay,PAID,2026-02-21T23:12:00,990.0
ORD000490,2026-02-05 06:12:00,C0067,P028,1,299.0,0.0,Web,ลูกค้า 067,customer067@example.com,ชลบุรี,Smartphone Model 28,Smartphone,299.0,Y,PAY000490,PromptPay,PAID,2026-02-05T09:10:00,299.0
ORD000492,2026-02-18 23:25:00,C0105,P014,1,990.0,0.0,Marketplace,ลูกค้า 105,customer105@example.com,ภูเก็ต,Notebook Model 14,Notebook,990.0,Y,PAY000492,PromptPay,PAID,2026-02-19T01:29:00,990.0
ORD000493,2026-02-24 06:43:00,C0140,P022,4,499.0,0.0,Web,ลูกค้า 140,customer140@example.com,ภูเก็ต,Accessory Model 22,Accessory,499.0,Y,PAY000493,Bank Transfer,PAID,2026-02-24T08:59:00,1996.0
ORD000494,2026-02-21 18:46:00,C0091,P025,1,24605.0,0.0,Marketplace,ลูกค้า 091,customer091@example.com,ชลบุรี,Accessory Model 25,Accessory,25900.0,Y,PAY000494,Bank Transfer,PAID,2026-02-21T20:31:00,24605.0
ORD000495,2026-02-01 10:05:00,C0016,P016,2,1490.0,0.05,Web,ลูกค้า 016,customer016@example.com,ชลบุรี,Accessory Model 16,Accessory,1490.0,Y,PAY000495,Bank Transfer,PAID,2026-02-01T12:28:00,2831.0
ORD000496,2026-02-08 04:50:00,C0007,P022,4,499.0,0.1,Web,ลูกค้า 007,customer007@example.com,กรุงเทพมหานคร,Accessory Model 22,Accessory,499.0,Y,PAY000496,Credit Card,PAID,2026-02-08T06:57:00,1796.4
ORD000498,2026-02-06 11:28:00,C0047,P003,2,24605.0,0.0,Marketplace,ลูกค้า 047,customer047@example.com,ระยอง,Smartphone Model 03,Smartphone,25900.0,Y,PAY000498,Credit Card,PAID,2026-02-06T12:55:00,49210.0
ORD000499,2026-02-07 15:12:00,C0157,P024,1,269.1,0.0,Mobile App,ลูกค้า 157,customer157@example.com,ระยอง,Accessory Model 24,Accessory,299.0,Y,PAY000499,Credit Card,PAID,2026-02-07T18:08:00,269.1
ORD000501,2026-02-27 02:25:00,C0024,P001,1,284.05,0.0,Marketplace,ลูกค้า 024,customer024@example.com,กรุงเทพมหานคร,Notebook Model 01,Notebook,299.0,Y,PAY000501,Credit Card,PAID,2026-02-27T03:05:00,284.05
ORD000502,2026-02-19 12:08:00,C0013,P040,1,3591.0,0.1,Mobile App,ลูกค้า 013,customer013@example.com,เชียงใหม่,Accessory Model 40,Accessory,3990.0,N,PAY000502,PromptPay,PAID,2026-02-19T13:32:00,3231.9
ORD000503,2026-02-10 11:55:00,C0022,P030,4,474.05,0.0,Mobile App,ลูกค้า 022,customer022@example.com,กรุงเทพมหานคร,Smartphone Model 30,Smartphone,499.0,Y,PAY000503,Credit Card,PAID,2026-02-10T13:59:00,1896.2
ORD000504,2026-02-18 05:44:00,C0091,P005,2,313.95,0.0,Mobile App,ลูกค้า 091,customer091@example.com,ชลบุรี,Smartphone Model 05,Smartphone,299.0,Y,PAY000504,Bank Transfer,PAID,2026-02-18T08:14:00,627.9
ORD000505,2026-02-02 01:42:00,C0148,P031,1,1341.0,0.0,Web,ลูกค้า 148,customer148@example.com,เชียงใหม่,Smart Home Model 31,Smart Home,1490.0,Y,PAY000505,PromptPay,PAID,2026-02-02T04:01:00,1341.0
ORD000506,2026-02-19 13:26:00,C0153,P007,2,27195.0,0.0,Mobile App,ลูกค้า 153,customer153@example.com,ขอนแก่น,Notebook Model 07,Notebook,25900.0,Y,PAY000506,PromptPay,PAID,2026-02-19T15:34:00,54390.0
ORD000507,2026-02-24 12:52:00,C0126,P011,1,25900.0,0.0,Web,ลูกค้า 126,customer126@example.com,เชียงใหม่,Accessory Model 11,Accessory,25900.0,Y,PAY000507,PromptPay,PAID,2026-02-24T12:54:00,25900.0
ORD000508,2026-02-20 22:36:00,C0129,P009,3,299.0,0.0,Mobile App,ลูกค้า 129,customer129@example.com,กรุงเทพมหานคร,Notebook Model 09,Notebook,299.0,Y,PAY000508,Bank Transfer,PAID,2026-02-21T01:11:00,897.0
ORD000510,2026-02-10 22:52:00,C0153,P010,4,1039.5,0.0,Web,ลูกค้า 153,customer153@example.com,ขอนแก่น,Smart Home Model 10,Smart Home,990.0,Y,PAY000510,PromptPay,PAID,2026-02-10T23:17:00,4158.0
ORD000511,2026-02-24 16:52:00,C0106,P031,1,1490.0,0.1,Web,ลูกค้า 106,customer106@example.com,ภูเก็ต,Smart Home Model 31,Smart Home,1490.0,Y,PAY000511,Bank Transfer,PAID,2026-02-24T17:18:00,1341.0
ORD000512,2026-02-10 17:11:00,C0036,P017,4,1039.5,0.05,Mobile App,ลูกค้า 036,customer036@example.com,กรุงเทพมหานคร,Smartphone Model 17,Smartphone,990.0,Y,PAY000512,Credit Card,PAID,2026-02-10T18:03:00,3950.1
ORD000513,2026-02-25 01:56:00,C0012,P022,1,474.05,0.0,Web,ลูกค้า 012,customer012@example.com,ขอนแก่น,Accessory Model 22,Accessory,499.0,Y,PAY000513,Bank Transfer,PAID,2026-02-25T02:57:00,474.05
ORD000514,2026-02-03 09:09:00,C0028,P023,3,313.95,0.05,Web,ลูกค้า 028,customer028@example.com,ขอนแก่น,Accessory Model 23,Accessory,299.0,Y,PAY000514,Credit Card,PAID,2026-02-03T10:51:00,894.76
ORD000515,2026-02-02 13:51:00,C0030,P012,3,990.0,0.1,Web,ลูกค้า 030,customer030@example.com,ชลบุรี,Accessory Model 12,Accessory,990.0,Y,PAY000515,Bank Transfer,PAID,2026-02-02T16:29:00,2673.0
ORD000516,2026-02-11 03:07:00,C0047,P002,2,1341.0,0.1,Mobile App,ลูกค้า 047,customer047@example.com,ระยอง,Smartphone Model 02,Smartphone,1490.0,Y,PAY000516,PromptPay,PAID,2026-02-11T04:55:00,2413.8
ORD000517,2026-02-01 04:57:00,C0029,P003,3,25900.0,0.0,Marketplace,ลูกค้า 029,,ขอนแก่น,Smartphone Model 03,Smartphone,25900.0,Y,PAY000517,PromptPay,PAID,2026-02-01T07:07:00,77700.0
ORD000518,2026-02-05 13:30:00,C0110,P015,1,299.0,0.0,Marketplace,ลูกค้า 110,customer110@example.com,เชียงใหม่,Notebook Model 15,Notebook,299.0,Y,PAY000518,Credit Card,PAID,2026-02-05T14:49:00,299.0
ORD000519,2026-02-26 04:26:00,C0012,P033,1,12900.0,0.0,Mobile App,ลูกค้า 012,customer012@example.com,ขอนแก่น,Smart Home Model 33,Smart Home,12900.0,Y,PAY000519,Bank Transfer,PAID,2026-02-26T06:37:00,12900.0
ORD000520,2026-02-06 15:46:00,C0114,P037,1,23310.0,0.1,Marketplace,ลูกค้า 114,customer114@example.com,เชียงใหม่,Smart Home Model 37,Smart Home,25900.0,Y,PAY000520,Bank Transfer,PAID,2026-02-06T18:04:00,20979.0
ORD000521,2026-02-08 11:24:00,C0020,P017,1,990.0,0.0,Marketplace,ลูกค้า 020,customer020@example.com,ขอนแก่น,Smartphone Model 17,Smartphone,990.0,Y,PAY000521,PromptPay,PAID,2026-02-08T11:39:00,990.0
ORD000522,2026-02-03 16:16:00,C0159,P002,2,1490.0,0.1,Mobile App,ลูกค้า 159,customer159@example.com,ภูเก็ต,Smartphone Model 02,Smartphone,1490.0,Y,PAY000522,Bank Transfer,PAID,2026-02-03T18:43:00,2682.0
ORD000523,2026-02-13 06:28:00,C0077,P032,2,25900.0,0.05,Marketplace,ลูกค้า 077,customer077@example.com,เชียงใหม่,Notebook Model 32,Notebook,25900.0,Y,PAY000523,Bank Transfer,PAID,2026-02-13T07:08:00,49210.0
ORD000524,2026-02-21 20:40:00,C0140,P011,1,25900.0,0.05,Mobile App,ลูกค้า 140,customer140@example.com,ภูเก็ต,Accessory Model 11,Accessory,25900.0,Y,PAY000524,PromptPay,PAID,2026-02-21T21:30:00,24605.0
ORD000525,2026-02-06 05:17:00,C0124,P040,1,3990.0,0.0,Marketplace,ลูกค้า 124,customer124@example.com,กรุงเทพมหานคร,Accessory Model 40,Accessory,3990.0,N,PAY000525,Credit Card,PAID,2026-02-06T07:54:00,3990.0
ORD000526,2026-02-23 05:53:00,C0140,P007,1,25900.0,0.0,Web,ลูกค้า 140,customer140@example.com,ภูเก็ต,Notebook Model 07,Notebook,25900.0,Y,PAY000526,Bank Transfer,PAID,2026-02-23T07:06:00,25900.0
ORD000528,2026-02-12 17:29:00,C0118,P030,2,499.0,0.05,Marketplace,ลูกค้า 118,customer118@example.com,ระยอง,Smartphone Model 30,Smartphone,499.0,Y,PAY000528,Credit Card,PAID,2026-02-12T17:43:00,948.1
ORD000529,2026-02-18 00:14:00,C0071,P039,2,1039.5,0.05,Web,ลูกค้า 071,customer071@example.com,ชลบุรี,Notebook Model 39,Notebook,990.0,N,PAY000529,Bank Transfer,PAID,2026-02-18T03:14:00,1975.05
ORD000530,2026-02-06 08:19:00,C0023,P036,1,299.0,0.0,Marketplace,ลูกค้า 023,customer023@example.com,กรุงเทพมหานคร,Notebook Model 36,Notebook,299.0,Y,PAY000530,PromptPay,PAID,2026-02-06T09:06:00,299.0
ORD000531,2026-02-28 13:46:00,C0009,P035,1,25900.0,0.1,Marketplace,ลูกค้า 009,customer009@example.com,ภูเก็ต,Accessory Model 35,Accessory,25900.0,Y,PAY000531,Bank Transfer,PAID,2026-02-28T15:31:00,23310.0
ORD000533,2026-02-25 22:30:00,C0117,P035,2,25900.0,0.1,Mobile App,ลูกค้า 117,customer117@example.com,ชลบุรี,Accessory Model 35,Accessory,25900.0,Y,PAY000533,Bank Transfer,PAID,2026-02-26T00:07:00,46620.0
ORD000534,2026-02-17 15:31:00,C0134,P015,1,313.95,0.0,Marketplace,ลูกค้า 134,customer134@example.com,ภูเก็ต,Notebook Model 15,Notebook,299.0,Y,PAY000534,Bank Transfer,PAID,2026-02-17T16:22:00,313.95
ORD000535,2026-02-05 23:37:00,C0068,P018,1,3790.5,0.1,Mobile App,ลูกค้า 068,customer068@example.com,ขอนแก่น,Smartphone Model 18,Smartphone,3990.0,Y,PAY000535,Credit Card,PAID,2026-02-06T02:27:00,3411.45
ORD000536,2026-02-03 06:33:00,C0015,P013,2,499.0,0.0,Mobile App,ลูกค้า 015,customer015@example.com,ภูเก็ต,Smart Home Model 13,Smart Home,499.0,Y,PAY000536,Credit Card,PAID,2026-02-03T07:43:00,998.0
ORD000537,2026-02-16 23:58:00,C0073,P031,1,1490.0,0.05,Web,ลูกค้า 073,customer073@example.com,ขอนแก่น,Smart Home Model 31,Smart Home,1490.0,Y,PAY000537,Credit Card,PAID,2026-02-17T01:55:00,1415.5
ORD000538,2026-02-20 19:01:00,C0133,P015,3,269.1,0.1,Mobile App,ลูกค้า 133,customer133@example.com,ภูเก็ต,Notebook Model 15,Notebook,299.0,Y,PAY000538,Bank Transfer,PAID,2026-02-20T20:34:00,726.57
ORD000539,2026-02-23 19:29:00,C0003,P001,1,284.05,0.0,Marketplace,ลูกค้า 003,customer003@example.com,ขอนแก่น,Notebook Model 01,Notebook,299.0,Y,PAY000539,Bank Transfer,PAID,2026-02-23T20:24:00,284.05
ORD000540,2026-02-14 08:20:00,C0017,P029,1,3790.5,0.1,Marketplace,ลูกค้า 017,customer017@example.com,กรุงเทพมหานคร,Notebook Model 29,Notebook,3990.0,Y,PAY000540,Bank Transfer,PAID,2026-02-14T08:44:00,3411.45
ORD000541,2026-02-10 16:41:00,C0094,P030,1,499.0,0.0,Web,ลูกค้า 094,customer094@example.com,ขอนแก่น,Smartphone Model 30,Smartphone,499.0,Y,PAY000541,PromptPay,PAID,2026-02-10T17:08:00,499.0
ORD000542,2026-02-15 18:56:00,C0030,P021,1,27195.0,0.1,Marketplace,ลูกค้า 030,customer030@example.com,ชลบุรี,Smart Home Model 21,Smart Home,25900.0,Y,PAY000542,Bank Transfer,PAID,2026-02-15T21:18:00,24475.5
ORD000543,2026-02-23 13:02:00,C0108,P022,4,449.1,0.0,Web,ลูกค้า 108,customer108@example.com,เชียงใหม่,Accessory Model 22,Accessory,499.0,Y,PAY000543,PromptPay,PAID,2026-02-23T15:46:00,1796.4
ORD000544,2026-02-21 01:50:00,C0125,P022,1,499.0,0.0,Mobile App,ลูกค้า 125,customer125@example.com,เชียงใหม่,Accessory Model 22,Accessory,499.0,Y,PAY000544,Bank Transfer,PAID,2026-02-21T01:59:00,499.0
ORD000545,2026-02-15 21:06:00,C0148,P010,2,990.0,0.0,Marketplace,ลูกค้า 148,customer148@example.com,เชียงใหม่,Smart Home Model 10,Smart Home,990.0,Y,PAY000545,Bank Transfer,PAID,2026-02-15T23:59:00,1980.0
ORD000546,2026-02-13 10:01:00,C0004,P016,1,1415.5,0.0,Marketplace,ลูกค้า 004,customer004@example.com,กรุงเทพมหานคร,Accessory Model 16,Accessory,1490.0,Y,PAY000546,Credit Card,PAID,2026-02-13T12:28:00,1415.5
ORD000547,2026-02-08 07:16:00,C0008,P039,1,940.5,0.0,Web,ลูกค้า 008,customer008@example.com,ขอนแก่น,Notebook Model 39,Notebook,990.0,N,PAY000547,PromptPay,PAID,2026-02-08T09:07:00,940.5
ORD000548,2026-02-25 01:20:00,C0121,P007,1,24605.0,0.0,Mobile App,ลูกค้า 121,customer121@example.com,กรุงเทพมหานคร,Notebook Model 07,Notebook,25900.0,Y,PAY000548,Credit Card,PAID,2026-02-25T02:01:00,24605.0
ORD000551,2026-02-10 16:42:00,C0105,P005,2,313.95,0.1,Marketplace,ลูกค้า 105,customer105@example.com,ภูเก็ต,Smartphone Model 05,Smartphone,299.0,Y,PAY000551,Credit Card,PAID,2026-02-10T17:37:00,565.11
ORD000552,2026-02-06 04:25:00,C0066,P004,1,1490.0,0.1,Web,ลูกค้า 066,customer066@example.com,ระยอง,Smart Home Model 04,Smart Home,1490.0,Y,PAY000552,Credit Card,PAID,2026-02-06T04:31:00,1341.0
ORD000554,2026-02-19 09:59:00,C0028,P010,1,891.0,0.1,Marketplace,ลูกค้า 028,customer028@example.com,ขอนแก่น,Smart Home Model 10,Smart Home,990.0,Y,PAY000554,PromptPay,PAID,2026-02-19T12:46:00,801.9
ORD000555,2026-02-05 00:05:00,C0085,P007,4,25900.0,0.05,Marketplace,ลูกค้า 085,customer085@example.com,กรุงเทพมหานคร,Notebook Model 07,Notebook,25900.0,Y,PAY000555,PromptPay,PAID,2026-02-05T00:49:00,98420.0
ORD000556,2026-02-07 07:32:00,C0004,P032,2,23310.0,0.0,Marketplace,ลูกค้า 004,customer004@example.com,กรุงเทพมหานคร,Notebook Model 32,Notebook,25900.0,Y,PAY000556,PromptPay,PAID,2026-02-07T09:10:00,46620.0
ORD000557,2026-02-06 22:59:00,C0065,P025,4,27195.0,0.05,Marketplace,ลูกค้า 065,customer065@example.com,ขอนแก่น,Accessory Model 25,Accessory,25900.0,Y,PAY000557,Credit Card,PAID,2026-02-07T01:48:00,103341.0
ORD000558,2026-02-17 17:23:00,C0052,P034,2,313.95,0.1,Marketplace,ลูกค้า 052,customer052@example.com,ระยอง,Accessory Model 34,Accessory,299.0,Y,PAY000558,Credit Card,PAID,2026-02-17T18:58:00,565.11
ORD000559,2026-02-26 16:49:00,C0123,P028,1,269.1,0.0,Marketplace,ลูกค้า 123,customer123@example.com,ระยอง,Smartphone Model 28,Smartphone,299.0,Y,PAY000559,PromptPay,PAID,2026-02-26T19:06:00,269.1
ORD000560,2026-02-22 20:33:00,C0151,P005,4,284.05,0.0,Mobile App,ลูกค้า 151,customer151@example.com,ชลบุรี,Smartphone Model 05,Smartphone,299.0,Y,PAY000560,PromptPay,PAID,2026-02-22T22:23:00,1136.2
ORD000561,2026-02-19 10:31:00,C0005,P014,1,940.5,0.1,Mobile App,ลูกค้า 005,customer005@example.com,ระยอง,Notebook Model 14,Notebook,990.0,Y,PAY000561,PromptPay,PAID,2026-02-19T11:12:00,846.45
ORD000562,2026-02-28 19:55:00,C0074,P019,1,4189.5,0.1,Marketplace,ลูกค้า 074,customer074@example.com,ขอนแก่น,Smartphone Model 19,Smartphone,3990.0,Y,PAY000562,Credit Card,PAID,2026-02-28T19:58:00,3770.55
ORD000563,2026-02-08 03:06:00,C0125,P037,4,23310.0,0.0,Marketplace,ลูกค้า 125,customer125@example.com,เชียงใหม่,Smart Home Model 37,Smart Home,25900.0,Y,PAY000563,PromptPay,PAID,2026-02-08T06:03:00,93240.0
ORD000564,2026-02-18 21:40:00,C0147,P023,4,299.0,0.0,Mobile App,ลูกค้า 147,customer147@example.com,ชลบุรี,Accessory Model 23,Accessory,299.0,Y,PAY000564,Bank Transfer,PAID,2026-02-18T22:15:00,1196.0
ORD000565,2026-02-03 17:43:00,C0132,P029,1,3990.0,0.0,Web,ลูกค้า 132,customer132@example.com,ชลบุรี,Notebook Model 29,Notebook,3990.0,Y,PAY000565,Credit Card,PAID,2026-02-03T18:29:00,3990.0
ORD000566,2026-02-04 22:02:00,C0154,P020,3,523.95,0.0,Marketplace,ลูกค้า 154,customer154@example.com,เชียงใหม่,Smart Home Model 20,Smart Home,499.0,Y,PAY000566,Bank Transfer,PAID,2026-02-05T00:53:00,1571.85
ORD000567,2026-02-09 01:16:00,C0059,P017,3,990.0,0.05,Mobile App,ลูกค้า 059,customer059@example.com,ระยอง,Smartphone Model 17,Smartphone,990.0,Y,PAY000567,Credit Card,PAID,2026-02-09T03:19:00,2821.5
ORD000568,2026-02-08 23:09:00,C0108,P008,2,474.05,0.1,Web,ลูกค้า 108,customer108@example.com,เชียงใหม่,Accessory Model 08,Accessory,499.0,Y,PAY000568,Credit Card,PAID,2026-02-09T01:35:00,853.29
ORD000569,2026-02-19 22:57:00,C0113,P010,2,891.0,0.05,Marketplace,ลูกค้า 113,customer113@example.com,ระยอง,Smart Home Model 10,Smart Home,990.0,Y,PAY000569,Bank Transfer,PAID,2026-02-19T23:27:00,1692.9
ORD000570,2026-02-01 02:53:00,C0030,P014,1,1039.5,0.0,Marketplace,ลูกค้า 030,customer030@example.com,ชลบุรี,Notebook Model 14,Notebook,990.0,Y,PAY000570,PromptPay,PAID,2026-02-01T04:22:00,1039.5
ORD000571,2026-02-10 19:27:00,C0040,P005,1,299.0,0.0,Mobile App,ลูกค้า 040,customer040@example.com,กรุงเทพมหานคร,Smartphone Model 05,Smartphone,299.0,Y,PAY000571,Bank Transfer,PAID,2026-02-10T21:38:00,299.0
ORD000574,2026-02-03 11:10:00,C0010,P022,3,499.0,0.0,Mobile App,ลูกค้า 010,customer010@example.com,ชลบุรี,Accessory Model 22,Accessory,499.0,Y,PAY000574,Bank Transfer,PAID,2026-02-03T11:32:00,1497.0
ORD000575,2026-02-22 06:29:00,C0154,P015,3,284.05,0.0,Marketplace,ลูกค้า 154,customer154@example.com,เชียงใหม่,Notebook Model 15,Notebook,299.0,Y,PAY000575,Bank Transfer,PAID,2026-02-22T07:41:00,852.15
ORD000576,2026-02-27 01:43:00,C0014,P003,2,27195.0,0.0,Mobile App,ลูกค้า 014,customer014@example.com,ขอนแก่น,Smartphone Model 03,Smartphone,25900.0,Y,PAY000576,PromptPay,PAID,2026-02-27T02:04:00,54390.0
ORD000577,2026-02-28 21:05:00,C0030,P020,1,449.1,0.0,Mobile App,ลูกค้า 030,customer030@example.com,ชลบุรี,Smart Home Model 20,Smart Home,499.0,Y,PAY000577,Bank Transfer,PAID,2026-02-28T22:47:00,449.1
ORD000578,2026-02-09 03:11:00,C0039,P003,4,23310.0,0.05,Marketplace,ลูกค้า 039,customer039@example.com,กรุงเทพมหานคร,Smartphone Model 03,Smartphone,25900.0,Y,PAY000578,PromptPay,PAID,2026-02-09T05:17:00,88578.0
ORD000579,2026-02-08 06:46:00,C0086,P001,2,269.1,0.0,Mobile App,ลูกค้า 086,customer086@example.com,กรุงเทพมหานคร,Notebook Model 01,Notebook,299.0,Y,PAY000579,Credit Card,PAID,2026-02-08T08:16:00,538.2
ORD000580,2026-02-26 23:03:00,C0110,P033,2,11610.0,0.0,Web,ลูกค้า 110,customer110@example.com,เชียงใหม่,Smart Home Model 33,Smart Home,12900.0,Y,PAY000580,Bank Transfer,PAID,2026-02-26T23:54:00,23220.0
ORD000581,2026-02-19 23:30:00,C0036,P017,2,990.0,0.05,Marketplace,ลูกค้า 036,customer036@example.com,กรุงเทพมหานคร,Smartphone Model 17,Smartphone,990.0,Y,PAY000581,Credit Card,PAID,2026-02-20T00:05:00,1881.0
ORD000582,2026-02-06 04:51:00,C0134,P016,2,1415.5,0.0,Mobile App,ลูกค้า 134,customer134@example.com,ภูเก็ต,Accessory Model 16,Accessory,1490.0,Y,PAY000582,PromptPay,PAID,2026-02-06T07:43:00,2831.0
ORD000583,2026-02-19 14:04:00,C0025,P032,2,27195.0,0.0,Web,ลูกค้า 025,customer025@example.com,ชลบุรี,Notebook Model 32,Notebook,25900.0,Y,PAY000583,PromptPay,PAID,2026-02-19T14:16:00,54390.0
ORD000584,2026-02-18 20:32:00,C0039,P027,3,25900.0,0.1,Marketplace,ลูกค้า 039,customer039@example.com,กรุงเทพมหานคร,Smartphone Model 27,Smartphone,25900.0,Y,PAY000584,PromptPay,PAID,2026-02-18T21:27:00,69930.0
ORD000585,2026-02-23 05:34:00,C0028,P028,2,299.0,0.1,Web,ลูกค้า 028,customer028@example.com,ขอนแก่น,Smartphone Model 28,Smartphone,299.0,Y,PAY000585,Bank Transfer,PAID,2026-02-23T06:15:00,538.2
ORD000586,2026-02-25 15:32:00,C0133,P017,4,891.0,0.0,Mobile App,ลูกค้า 133,customer133@example.com,ภูเก็ต,Smartphone Model 17,Smartphone,990.0,Y,PAY000586,PromptPay,PAID,2026-02-25T15:50:00,3564.0
ORD000587,2026-02-27 14:35:00,C0153,P015,1,299.0,0.1,Mobile App,ลูกค้า 153,customer153@example.com,ขอนแก่น,Notebook Model 15,Notebook,299.0,Y,PAY000587,Credit Card,PAID,2026-02-27T15:37:00,269.1
ORD000588,2026-02-10 23:33:00,C0038,P032,1,23310.0,0.0,Mobile App,ลูกค้า 038,customer038@example.com,ชลบุรี,Notebook Model 32,Notebook,25900.0,Y,PAY000588,PromptPay,PAID,2026-02-11T01:52:00,23310.0
ORD000589,2026-02-28 02:47:00,C0031,P038,1,12255.0,0.0,Mobile App,ลูกค้า 031,customer031@example.com,กรุงเทพมหานคร,Smartphone Model 38,Smartphone,12900.0,N,PAY000589,Credit Card,PAID,2026-02-28T03:15:00,12255.0
ORD000590,2026-02-27 17:19:00,C0139,P021,1,23310.0,0.0,Marketplace,ลูกค้า 139,customer139@example.com,ระยอง,Smart Home Model 21,Smart Home,25900.0,Y,PAY000590,Bank Transfer,PAID,2026-02-27T17:53:00,23310.0
ORD000591,2026-02-14 09:53:00,C0039,P017,1,990.0,0.0,Marketplace,ลูกค้า 039,customer039@example.com,กรุงเทพมหานคร,Smartphone Model 17,Smartphone,990.0,Y,PAY000591,PromptPay,PAID,2026-02-14T11:09:00,990.0
ORD000592,2026-02-14 17:35:00,C0094,P011,2,27195.0,0.0,Marketplace,ลูกค้า 094,customer094@example.com,ขอนแก่น,Accessory Model 11,Accessory,25900.0,Y,PAY000592,Bank Transfer,PAID,2026-02-14T17:48:00,54390.0
ORD000593,2026-02-13 02:48:00,C0110,P009,2,299.0,0.0,Web,ลูกค้า 110,customer110@example.com,เชียงใหม่,Notebook Model 09,Notebook,299.0,Y,PAY000593,Credit Card,PAID,2026-02-13T05:11:00,598.0
ORD000594,2026-02-10 13:19:00,C0101,P005,1,299.0,0.0,Marketplace,ลูกค้า 101,customer101@example.com,ภูเก็ต,Smartphone Model 05,Smartphone,299.0,Y,PAY000594,PromptPay,PAID,2026-02-10T13:28:00,299.0
ORD000596,2026-02-12 21:25:00,C0025,P013,2,474.05,0.05,Web,ลูกค้า 025,customer025@example.com,ชลบุรี,Smart Home Model 13,Smart Home,499.0,Y,PAY000596,PromptPay,PAID,2026-02-13T00:02:00,900.7
ORD000597,2026-02-02 14:46:00,C0091,P022,1,499.0,0.05,Marketplace,ลูกค้า 091,customer091@example.com,ชลบุรี,Accessory Model 22,Accessory,499.0,Y,PAY000597,Credit Card,PAID,2026-02-02T16:50:00,474.05
ORD000598,2026-02-13 05:42:00,C0082,P038,1,13545.0,0.0,Marketplace,ลูกค้า 082,customer082@example.com,กรุงเทพมหานคร,Smartphone Model 38,Smartphone,12900.0,N,PAY000598,Bank Transfer,PAID,2026-02-13T07:41:00,13545.0
ORD000600,2026-02-22 18:07:00,C0096,P014,2,990.0,0.05,Web,ลูกค้า 096,customer096@example.com,กรุงเทพมหานคร,Notebook Model 14,Notebook,990.0,Y,PAY000600,Credit Card,PAID,2026-02-22T19:47:00,1881.0
ORD000601,2026-02-03 10:36:00,C0149,P037,2,24605.0,0.0,Mobile App,ลูกค้า 149,customer149@example.com,ขอนแก่น,Smart Home Model 37,Smart Home,25900.0,Y,PAY000601,Credit Card,PAID,2026-02-03T12:47:00,49210.0
ORD000602,2026-02-10 17:55:00,C0124,P025,1,24605.0,0.0,Mobile App,ลูกค้า 124,customer124@example.com,กรุงเทพมหานคร,Accessory Model 25,Accessory,25900.0,Y,PAY000602,Credit Card,PAID,2026-02-10T19:16:00,24605.0
ORD000603,2026-02-23 09:04:00,C0048,P027,1,27195.0,0.0,Web,ลูกค้า 048,customer048@example.com,กรุงเทพมหานคร,Smartphone Model 27,Smartphone,25900.0,Y,PAY000603,PromptPay,PAID,2026-02-23T09:59:00,27195.0
ORD000604,2026-02-20 19:17:00,C0137,P025,2,25900.0,0.1,Web,ลูกค้า 137,customer137@example.com,ภูเก็ต,Accessory Model 25,Accessory,25900.0,Y,PAY000604,Credit Card,PAID,2026-02-20T21:46:00,46620.0
ORD000605,2026-02-09 09:07:00,C0095,P001,2,269.1,0.05,Mobile App,ลูกค้า 095,customer095@example.com,ระยอง,Notebook Model 01,Notebook,299.0,Y,PAY000605,PromptPay,PAID,2026-02-09T10:44:00,511.29
ORD000606,2026-02-24 08:24:00,C0132,P039,2,891.0,0.05,Marketplace,ลูกค้า 132,customer132@example.com,ชลบุรี,Notebook Model 39,Notebook,990.0,N,PAY000606,Credit Card,PAID,2026-02-24T11:10:00,1692.9
ORD000608,2026-02-21 21:51:00,C0082,P035,2,27195.0,0.1,Marketplace,ลูกค้า 082,customer082@example.com,กรุงเทพมหานคร,Accessory Model 35,Accessory,25900.0,Y,PAY000608,PromptPay,PAID,2026-02-22T00:51:00,48951.0
ORD000609,2026-02-09 00:21:00,C0122,P014,4,1039.5,0.0,Web,ลูกค้า 122,customer122@example.com,ขอนแก่น,Notebook Model 14,Notebook,990.0,Y,PAY000609,PromptPay,PAID,2026-02-09T02:10:00,4158.0
ORD000610,2026-02-17 22:24:00,C0141,P006,1,299.0,0.05,Mobile App,ลูกค้า 141,customer141@example.com,กรุงเทพมหานคร,Accessory Model 06,Accessory,299.0,Y,PAY000610,PromptPay,PAID,2026-02-17T23:24:00,284.05
ORD000611,2026-02-11 09:32:00,C0063,P035,1,25900.0,0.0,Mobile App,ลูกค้า 063,customer063@example.com,ระยอง,Accessory Model 35,Accessory,25900.0,Y,PAY000611,Bank Transfer,PAID,2026-02-11T10:58:00,25900.0
ORD000612,2026-02-14 05:20:00,C0139,P002,1,1341.0,0.0,Marketplace,ลูกค้า 139,customer139@example.com,ระยอง,Smartphone Model 02,Smartphone,1490.0,Y,PAY000612,Bank Transfer,PAID,2026-02-14T06:02:00,1341.0
ORD000613,2026-02-21 20:52:00,C0082,P013,3,449.1,0.0,Marketplace,ลูกค้า 082,customer082@example.com,กรุงเทพมหานคร,Smart Home Model 13,Smart Home,499.0,Y,PAY000613,Credit Card,PAID,2026-02-21T21:50:00,1347.3
ORD000615,2026-02-27 07:01:00,C0136,P003,4,24605.0,0.05,Mobile App,ลูกค้า 136,customer136@example.com,ระยอง,Smartphone Model 03,Smartphone,25900.0,Y,PAY000615,Credit Card,PAID,2026-02-27T08:15:00,93499.0
ORD000616,2026-02-01 10:24:00,C0144,P040,2,3990.0,0.0,Marketplace,ลูกค้า 144,customer144@example.com,ภูเก็ต,Accessory Model 40,Accessory,3990.0,N,PAY000616,Credit Card,PAID,2026-02-01T10:58:00,7980.0
ORD000617,2026-02-25 15:46:00,C0008,P017,2,891.0,0.1,Marketplace,ลูกค้า 008,customer008@example.com,ขอนแก่น,Smartphone Model 17,Smartphone,990.0,Y,PAY000617,PromptPay,PAID,2026-02-25T17:01:00,1603.8
ORD000618,2026-02-24 20:02:00,C0100,P004,1,1415.5,0.0,Marketplace,ลูกค้า 100,customer100@example.com,กรุงเทพมหานคร,Smart Home Model 04,Smart Home,1490.0,Y,PAY000618,Bank Transfer,PAID,2026-02-24T22:35:00,1415.5
ORD000619,2026-02-09 12:09:00,C0126,P012,1,990.0,0.1,Marketplace,ลูกค้า 126,customer126@example.com,เชียงใหม่,Accessory Model 12,Accessory,990.0,Y,PAY000619,Bank Transfer,PAID,2026-02-09T14:23:00,891.0
ORD000620,2026-02-27 03:47:00,C0020,P003,2,27195.0,0.0,Marketplace,ลูกค้า 020,customer020@example.com,ขอนแก่น,Smartphone Model 03,Smartphone,25900.0,Y,PAY000620,PromptPay,PAID,2026-02-27T04:26:00,54390.0
ORD000622,2026-02-26 00:13:00,C0100,P001,3,299.0,0.0,Web,ลูกค้า 100,customer100@example.com,กรุงเทพมหานคร,Notebook Model 01,Notebook,299.0,Y,PAY000622,PromptPay,PAID,2026-02-26T03:04:00,897.0
ORD000623,2026-02-14 06:18:00,C0151,P017,1,940.5,0.0,Web,ลูกค้า 151,customer151@example.com,ชลบุรี,Smartphone Model 17,Smartphone,990.0,Y,PAY000623,Bank Transfer,PAID,2026-02-14T09:10:00,940.5
ORD000624,2026-02-11 05:25:00,C0120,P038,1,11610.0,0.0,Web,ลูกค้า 120,customer120@example.com,ขอนแก่น,Smartphone Model 38,Smartphone,12900.0,N,PAY000624,PromptPay,PAID,2026-02-11T05:37:00,11610.0
ORD000625,2026-02-10 10:36:00,C0065,P026,2,11610.0,0.05,Web,ลูกค้า 065,customer065@example.com,ขอนแก่น,Smart Home Model 26,Smart Home,12900.0,Y,PAY000625,PromptPay,PAID,2026-02-10T11:20:00,22059.0
ORD000626,2026-02-17 05:04:00,C0047,P010,3,1039.5,0.05,Mobile App,ลูกค้า 047,customer047@example.com,ระยอง,Smart Home Model 10,Smart Home,990.0,Y,PAY000626,Credit Card,PAID,2026-02-17T06:19:00,2962.58
ORD000627,2026-02-15 14:31:00,C0068,P013,1,474.05,0.1,Marketplace,ลูกค้า 068,customer068@example.com,ขอนแก่น,Smart Home Model 13,Smart Home,499.0,Y,PAY000627,Bank Transfer,PAID,2026-02-15T15:42:00,426.65
ORD000628,2026-02-13 21:25:00,C0137,P010,3,990.0,0.0,Mobile App,ลูกค้า 137,customer137@example.com,ภูเก็ต,Smart Home Model 10,Smart Home,990.0,Y,PAY000628,Credit Card,PAID,2026-02-13T22:24:00,2970.0
ORD000629,2026-02-10 18:31:00,C0086,P036,2,284.05,0.0,Mobile App,ลูกค้า 086,customer086@example.com,กรุงเทพมหานคร,Notebook Model 36,Notebook,299.0,Y,PAY000629,Bank Transfer,PAID,2026-02-10T20:55:00,568.1
ORD000630,2026-02-06 04:23:00,C0040,P022,3,499.0,0.0,Mobile App,ลูกค้า 040,customer040@example.com,กรุงเทพมหานคร,Accessory Model 22,Accessory,499.0,Y,PAY000630,Credit Card,PAID,2026-02-06T04:47:00,1497.0
ORD000632,2026-02-21 11:31:00,C0014,P004,4,1564.5,0.05,Marketplace,ลูกค้า 014,customer014@example.com,ขอนแก่น,Smart Home Model 04,Smart Home,1490.0,Y,PAY000632,Credit Card,PAID,2026-02-21T14:12:00,5945.1
ORD000633,2026-02-05 21:07:00,C0130,P014,1,940.5,0.0,Web,ลูกค้า 130,customer130@example.com,ภูเก็ต,Notebook Model 14,Notebook,990.0,Y,PAY000633,PromptPay,PAID,2026-02-05T21:19:00,940.5
ORD000634,2026-02-12 10:16:00,C0023,P025,3,25900.0,0.05,Marketplace,ลูกค้า 023,customer023@example.com,กรุงเทพมหานคร,Accessory Model 25,Accessory,25900.0,Y,PAY000634,PromptPay,PAID,2026-02-12T11:16:00,73815.0
ORD000635,2026-02-21 15:49:00,C0028,P006,3,313.95,0.0,Marketplace,ลูกค้า 028,customer028@example.com,ขอนแก่น,Accessory Model 06,Accessory,299.0,Y,PAY000635,Bank Transfer,PAID,2026-02-21T17:58:00,941.85
ORD000636,2026-02-21 07:26:00,C0071,P013,1,499.0,0.1,Web,ลูกค้า 071,customer071@example.com,ชลบุรี,Smart Home Model 13,Smart Home,499.0,Y,PAY000636,Bank Transfer,PAID,2026-02-21T10:21:00,449.1
ORD000637,2026-02-04 08:39:00,C0041,P015,1,299.0,0.0,Marketplace,ลูกค้า 041,customer041@example.com,ระยอง,Notebook Model 15,Notebook,299.0,Y,PAY000637,Bank Transfer,PAID,2026-02-04T09:15:00,299.0
ORD000638,2026-02-03 23:38:00,C0012,P012,4,990.0,0.0,Mobile App,ลูกค้า 012,customer012@example.com,ขอนแก่น,Accessory Model 12,Accessory,990.0,Y,PAY000638,PromptPay,PAID,2026-02-04T01:43:00,3960.0
ORD000639,2026-02-02 17:17:00,C0017,P007,4,27195.0,0.0,Web,ลูกค้า 017,customer017@example.com,กรุงเทพมหานคร,Notebook Model 07,Notebook,25900.0,Y,PAY000639,Credit Card,PAID,2026-02-02T17:30:00,108780.0
ORD000640,2026-02-28 14:41:00,C0027,P002,2,1490.0,0.1,Web,ลูกค้า 027,customer027@example.com,กรุงเทพมหานคร,Smartphone Model 02,Smartphone,1490.0,Y,PAY000640,PromptPay,PAID,2026-02-28T17:35:00,2682.0
ORD000641,2026-02-16 20:20:00,C0086,P023,3,269.1,0.0,Marketplace,ลูกค้า 086,customer086@example.com,กรุงเทพมหานคร,Accessory Model 23,Accessory,299.0,Y,PAY000641,PromptPay,PAID,2026-02-16T21:16:00,807.3
ORD000642,2026-02-12 09:47:00,C0047,P001,1,269.1,0.05,Mobile App,ลูกค้า 047,customer047@example.com,ระยอง,Notebook Model 01,Notebook,299.0,Y,PAY000642,Credit Card,PAID,2026-02-12T10:21:00,255.64
ORD000643,2026-02-16 00:40:00,C0087,P026,1,12255.0,0.0,Marketplace,ลูกค้า 087,,กรุงเทพมหานคร,Smart Home Model 26,Smart Home,12900.0,Y,PAY000643,Credit Card,PAID,2026-02-16T00:44:00,12255.0
ORD000644,2026-02-06 08:04:00,C0112,P014,2,990.0,0.1,Web,ลูกค้า 112,customer112@example.com,กรุงเทพมหานคร,Notebook Model 14,Notebook,990.0,Y,PAY000644,Credit Card,PAID,2026-02-06T10:59:00,1782.0
ORD000645,2026-02-27 00:09:00,C0017,P029,2,3990.0,0.05,Web,ลูกค้า 017,customer017@example.com,กรุงเทพมหานคร,Notebook Model 29,Notebook,3990.0,Y,PAY000645,Bank Transfer,PAID,2026-02-27T02:28:00,7581.0
ORD000646,2026-02-08 12:53:00,C0136,P001,1,269.1,0.0,Mobile App,ลูกค้า 136,customer136@example.com,ระยอง,Notebook Model 01,Notebook,299.0,Y,PAY000646,Bank Transfer,PAID,2026-02-08T13:48:00,269.1
ORD000647,2026-02-26 20:49:00,C0071,P024,2,313.95,0.05,Marketplace,ลูกค้า 071,customer071@example.com,ชลบุรี,Accessory Model 24,Accessory,299.0,Y,PAY000647,PromptPay,PAID,2026-02-26T23:26:00,596.5
ORD000648,2026-02-19 14:29:00,C0078,P012,2,990.0,0.0,Mobile App,ลูกค้า 078,customer078@example.com,ระยอง,Accessory Model 12,Accessory,990.0,Y,PAY000648,Bank Transfer,PAID,2026-02-19T16:30:00,1980.0
ORD000649,2026-02-10 11:21:00,C0090,P001,2,269.1,0.1,Web,ลูกค้า 090,customer090@example.com,เชียงใหม่,Notebook Model 01,Notebook,299.0,Y,PAY000649,Credit Card,PAID,2026-02-10T12:17:00,484.38
ORD000650,2026-02-17 19:43:00,C0080,P003,2,25900.0,0.0,Mobile App,ลูกค้า 080,customer080@example.com,ขอนแก่น,Smartphone Model 03,Smartphone,25900.0,Y,PAY000650,Bank Transfer,PAID,2026-02-17T21:07:00,51800.0
ORD000651,2026-02-06 13:24:00,C0104,P039,1,940.5,0.1,Web,ลูกค้า 104,customer104@example.com,ระยอง,Notebook Model 39,Notebook,990.0,N,PAY000651,PromptPay,PAID,2026-02-06T13:31:00,846.45
ORD000652,2026-02-11 02:58:00,C0034,P008,2,499.0,0.0,Web,ลูกค้า 034,customer034@example.com,ภูเก็ต,Accessory Model 08,Accessory,499.0,Y,PAY000652,Credit Card,PAID,2026-02-11T03:34:00,998.0
ORD000653,2026-02-18 19:13:00,C0120,P003,3,27195.0,0.0,Marketplace,ลูกค้า 120,customer120@example.com,ขอนแก่น,Smartphone Model 03,Smartphone,25900.0,Y,PAY000653,Credit Card,PAID,2026-02-18T21:12:00,81585.0
ORD000655,2026-02-14 06:50:00,C0085,P037,1,25900.0,0.0,Web,ลูกค้า 085,customer085@example.com,กรุงเทพมหานคร,Smart Home Model 37,Smart Home,25900.0,Y,PAY000655,Bank Transfer,PAID,2026-02-14T08:20:00,25900.0
ORD000656,2026-02-26 21:00:00,C0007,P011,4,24605.0,0.0,Web,ลูกค้า 007,customer007@example.com,กรุงเทพมหานคร,Accessory Model 11,Accessory,25900.0,Y,PAY000656,Bank Transfer,PAID,2026-02-26T23:17:00,98420.0
ORD000657,2026-02-02 21:06:00,C0064,P033,4,12900.0,0.0,Mobile App,ลูกค้า 064,customer064@example.com,ขอนแก่น,Smart Home Model 33,Smart Home,12900.0,Y,PAY000657,PromptPay,PAID,2026-02-02T23:18:00,51600.0
ORD000658,2026-02-18 19:31:00,C0154,P008,3,499.0,0.0,Web,ลูกค้า 154,customer154@example.com,เชียงใหม่,Accessory Model 08,Accessory,499.0,Y,PAY000658,Bank Transfer,PAID,2026-02-18T19:32:00,1497.0
ORD000660,2026-02-01 21:46:00,C0081,P012,2,891.0,0.0,Marketplace,ลูกค้า 081,customer081@example.com,ขอนแก่น,Accessory Model 12,Accessory,990.0,Y,PAY000660,PromptPay,PAID,2026-02-01T22:31:00,1782.0
ORD000662,2026-02-18 23:53:00,C0001,P031,2,1415.5,0.1,Marketplace,ลูกค้า 001,customer001@example.com,ชลบุรี,Smart Home Model 31,Smart Home,1490.0,Y,PAY000662,Bank Transfer,PAID,2026-02-19T00:05:00,2547.9
ORD000663,2026-02-03 04:45:00,C0098,P020,1,449.1,0.05,Mobile App,ลูกค้า 098,customer098@example.com,เชียงใหม่,Smart Home Model 20,Smart Home,499.0,Y,PAY000663,PromptPay,PAID,2026-02-03T07:18:00,426.64
ORD000664,2026-02-21 00:03:00,C0054,P029,1,4189.5,0.1,Marketplace,ลูกค้า 054,customer054@example.com,กรุงเทพมหานคร,Notebook Model 29,Notebook,3990.0,Y,PAY000664,Bank Transfer,PAID,2026-02-21T01:11:00,3770.55
ORD000665,2026-02-14 14:26:00,C0072,P013,4,474.05,0.1,Mobile App,ลูกค้า 072,customer072@example.com,เชียงใหม่,Smart Home Model 13,Smart Home,499.0,Y,PAY000665,Bank Transfer,PAID,2026-02-14T15:08:00,1706.58
ORD000666,2026-02-10 02:24:00,C0011,P016,1,1564.5,0.0,Marketplace,ลูกค้า 011,customer011@example.com,ชลบุรี,Accessory Model 16,Accessory,1490.0,Y,PAY000666,Bank Transfer,PAID,2026-02-10T04:56:00,1564.5
ORD000668,2026-02-07 19:17:00,C0056,P030,1,499.0,0.0,Mobile App,ลูกค้า 056,customer056@example.com,เชียงใหม่,Smartphone Model 30,Smartphone,499.0,Y,PAY000668,Bank Transfer,PAID,2026-02-07T19:23:00,499.0
ORD000669,2026-02-27 16:22:00,C0071,P018,1,3591.0,0.0,Marketplace,ลูกค้า 071,customer071@example.com,ชลบุรี,Smartphone Model 18,Smartphone,3990.0,Y,PAY000669,PromptPay,PAID,2026-02-27T17:20:00,3591.0
ORD000670,2026-02-21 19:23:00,C0024,P032,1,24605.0,0.0,Mobile App,ลูกค้า 024,customer024@example.com,กรุงเทพมหานคร,Notebook Model 32,Notebook,25900.0,Y,PAY000670,Credit Card,PAID,2026-02-21T21:38:00,24605.0
ORD000671,2026-02-17 10:22:00,C0002,P019,2,3990.0,0.1,Marketplace,ลูกค้า 002,customer002@example.com,ชลบุรี,Smartphone Model 19,Smartphone,3990.0,Y,PAY000671,Bank Transfer,PAID,2026-02-17T13:19:00,7182.0
ORD000672,2026-02-13 21:25:00,C0092,P001,1,269.1,0.1,Marketplace,ลูกค้า 092,customer092@example.com,กรุงเทพมหานคร,Notebook Model 01,Notebook,299.0,Y,PAY000672,PromptPay,PAID,2026-02-14T00:09:00,242.19
ORD000673,2026-02-25 00:45:00,C0041,P029,1,3990.0,0.0,Mobile App,ลูกค้า 041,customer041@example.com,ระยอง,Notebook Model 29,Notebook,3990.0,Y,PAY000673,PromptPay,PAID,2026-02-25T02:48:00,3990.0
ORD000674,2026-02-09 10:08:00,C0057,P013,3,449.1,0.05,Marketplace,ลูกค้า 057,customer057@example.com,เชียงใหม่,Smart Home Model 13,Smart Home,499.0,Y,PAY000674,Credit Card,PAID,2026-02-09T12:19:00,1279.94
ORD000675,2026-02-09 12:58:00,C0116,P025,1,25900.0,0.05,Web,ลูกค้า 116,,ระยอง,Accessory Model 25,Accessory,25900.0,Y,PAY000675,Bank Transfer,PAID,2026-02-09T13:57:00,24605.0
ORD000676,2026-02-15 08:26:00,C0137,P028,2,284.05,0.0,Marketplace,ลูกค้า 137,customer137@example.com,ภูเก็ต,Smartphone Model 28,Smartphone,299.0,Y,PAY000676,Bank Transfer,PAID,2026-02-15T08:44:00,568.1
ORD000677,2026-02-22 18:44:00,C0002,P018,2,3790.5,0.0,Marketplace,ลูกค้า 002,customer002@example.com,ชลบุรี,Smartphone Model 18,Smartphone,3990.0,Y,PAY000677,Bank Transfer,PAID,2026-02-22T18:47:00,7581.0
ORD000678,2026-02-13 15:53:00,C0098,P022,1,499.0,0.0,Marketplace,ลูกค้า 098,customer098@example.com,เชียงใหม่,Accessory Model 22,Accessory,499.0,Y,PAY000678,Credit Card,PAID,2026-02-13T18:51:00,499.0
ORD000679,2026-02-02 07:10:00,C0140,P036,2,269.1,0.0,Marketplace,ลูกค้า 140,customer140@example.com,ภูเก็ต,Notebook Model 36,Notebook,299.0,Y,PAY000679,PromptPay,PAID,2026-02-02T07:29:00,538.2
ORD000680,2026-02-24 19:32:00,C0096,P003,1,25900.0,0.0,Marketplace,ลูกค้า 096,customer096@example.com,กรุงเทพมหานคร,Smartphone Model 03,Smartphone,25900.0,Y,PAY000680,PromptPay,PAID,2026-02-24T21:25:00,25900.0
ORD000682,2026-02-09 05:17:00,C0021,P020,4,474.05,0.05,Web,ลูกค้า 021,customer021@example.com,เชียงใหม่,Smart Home Model 20,Smart Home,499.0,Y,PAY000682,Credit Card,PAID,2026-02-09T07:25:00,1801.39
ORD000683,2026-02-13 15:47:00,C0101,P004,1,1490.0,0.0,Marketplace,ลูกค้า 101,customer101@example.com,ภูเก็ต,Smart Home Model 04,Smart Home,1490.0,Y,PAY000683,Credit Card,PAID,2026-02-13T17:36:00,1490.0
ORD000684,2026-02-02 09:17:00,C0106,P002,1,1490.0,0.0,Web,ลูกค้า 106,customer106@example.com,ภูเก็ต,Smartphone Model 02,Smartphone,1490.0,Y,PAY000684,Bank Transfer,PAID,2026-02-02T11:30:00,1490.0
ORD000685,2026-02-13 10:36:00,C0092,P010,1,940.5,0.0,Mobile App,ลูกค้า 092,customer092@example.com,กรุงเทพมหานคร,Smart Home Model 10,Smart Home,990.0,Y,PAY000685,PromptPay,PAID,2026-02-13T13:32:00,940.5
ORD000686,2026-02-20 03:36:00,C0121,P026,4,12900.0,0.0,Marketplace,ลูกค้า 121,customer121@example.com,กรุงเทพมหานคร,Smart Home Model 26,Smart Home,12900.0,Y,PAY000686,PromptPay,PAID,2026-02-20T04:25:00,51600.0
ORD000687,2026-02-05 06:30:00,C0001,P026,1,13545.0,0.0,Web,ลูกค้า 001,customer001@example.com,ชลบุรี,Smart Home Model 26,Smart Home,12900.0,Y,PAY000687,Credit Card,PAID,2026-02-05T06:53:00,13545.0
ORD000688,2026-02-08 15:59:00,C0131,P016,1,1490.0,0.1,Marketplace,ลูกค้า 131,customer131@example.com,ระยอง,Accessory Model 16,Accessory,1490.0,Y,PAY000688,Credit Card,PAID,2026-02-08T16:25:00,1341.0
ORD000689,2026-02-02 18:44:00,C0104,P022,4,449.1,0.0,Web,ลูกค้า 104,customer104@example.com,ระยอง,Accessory Model 22,Accessory,499.0,Y,PAY000689,Credit Card,PAID,2026-02-02T19:22:00,1796.4
ORD000690,2026-02-21 07:13:00,C0093,P035,2,24605.0,0.0,Mobile App,ลูกค้า 093,customer093@example.com,ภูเก็ต,Accessory Model 35,Accessory,25900.0,Y,PAY000690,Bank Transfer,PAID,2026-02-21T09:01:00,49210.0
ORD000691,2026-02-14 20:23:00,C0152,P022,1,499.0,0.1,Web,ลูกค้า 152,customer152@example.com,ชลบุรี,Accessory Model 22,Accessory,499.0,Y,PAY000691,PromptPay,PAID,2026-02-14T21:02:00,449.1
ORD000692,2026-02-13 12:15:00,C0124,P008,1,499.0,0.0,Mobile App,ลูกค้า 124,customer124@example.com,กรุงเทพมหานคร,Accessory Model 08,Accessory,499.0,Y,PAY000692,Bank Transfer,PAID,2026-02-13T12:59:00,499.0
ORD000693,2026-02-16 18:58:00,C0071,P024,2,313.95,0.0,Marketplace,ลูกค้า 071,customer071@example.com,ชลบุรี,Accessory Model 24,Accessory,299.0,Y,PAY000693,Bank Transfer,PAID,2026-02-16T20:43:00,627.9
ORD000694,2026-02-19 11:27:00,C0102,P025,3,23310.0,0.0,Web,ลูกค้า 102,customer102@example.com,ระยอง,Accessory Model 25,Accessory,25900.0,Y,PAY000694,Bank Transfer,PAID,2026-02-19T14:01:00,69930.0
ORD000695,2026-02-26 01:31:00,C0032,P036,2,284.05,0.0,Web,ลูกค้า 032,customer032@example.com,ระยอง,Notebook Model 36,Notebook,299.0,Y,PAY000695,PromptPay,PAID,2026-02-26T04:05:00,568.1
ORD000696,2026-02-04 06:18:00,C0134,P016,1,1415.5,0.05,Mobile App,ลูกค้า 134,customer134@example.com,ภูเก็ต,Accessory Model 16,Accessory,1490.0,Y,PAY000696,PromptPay,PAID,2026-02-04T07:21:00,1344.72
ORD000697,2026-02-25 13:43:00,C0031,P030,4,523.95,0.05,Web,ลูกค้า 031,customer031@example.com,กรุงเทพมหานคร,Smartphone Model 30,Smartphone,499.0,Y,PAY000697,Bank Transfer,PAID,2026-02-25T15:42:00,1991.01
ORD000698,2026-02-16 10:04:00,C0089,P024,4,269.1,0.1,Web,ลูกค้า 089,customer089@example.com,ชลบุรี,Accessory Model 24,Accessory,299.0,Y,PAY000698,Credit Card,PAID,2026-02-16T11:36:00,968.76
ORD000699,2026-02-22 10:52:00,C0086,P012,3,891.0,0.0,Mobile App,ลูกค้า 086,customer086@example.com,กรุงเทพมหานคร,Accessory Model 12,Accessory,990.0,Y,PAY000699,Credit Card,PAID,2026-02-22T11:25:00,2673.0
ORD000702,2026-02-18 09:00:00,C0045,P027,1,23310.0,0.05,Mobile App,ลูกค้า 045,customer045@example.com,เชียงใหม่,Smartphone Model 27,Smartphone,25900.0,Y,PAY000702,Bank Transfer,PAID,2026-02-18T09:33:00,22144.5
ORD000703,2026-02-23 17:10:00,C0128,P007,2,23310.0,0.0,Marketplace,ลูกค้า 128,customer128@example.com,ขอนแก่น,Notebook Model 07,Notebook,25900.0,Y,PAY000703,PromptPay,PAID,2026-02-23T19:02:00,46620.0
ORD000704,2026-02-25 10:21:00,C0056,P029,2,3790.5,0.0,Marketplace,ลูกค้า 056,customer056@example.com,เชียงใหม่,Notebook Model 29,Notebook,3990.0,Y,PAY000704,PromptPay,PAID,2026-02-25T11:15:00,7581.0
ORD000706,2026-02-24 16:43:00,C0122,P015,3,313.95,0.1,Mobile App,ลูกค้า 122,customer122@example.com,ขอนแก่น,Notebook Model 15,Notebook,299.0,Y,PAY000706,Bank Transfer,PAID,2026-02-24T17:19:00,847.66
ORD000707,2026-02-08 09:26:00,C0048,P032,1,23310.0,0.1,Web,ลูกค้า 048,customer048@example.com,กรุงเทพมหานคร,Notebook Model 32,Notebook,25900.0,Y,PAY000707,PromptPay,PAID,2026-02-08T12:10:00,20979.0
ORD000708,2026-02-02 20:37:00,C0036,P013,4,499.0,0.0,Mobile App,ลูกค้า 036,customer036@example.com,กรุงเทพมหานคร,Smart Home Model 13,Smart Home,499.0,Y,PAY000708,PromptPay,PAID,2026-02-02T22:51:00,1996.0
ORD000709,2026-02-18 10:54:00,C0119,P011,4,24605.0,0.1,Web,ลูกค้า 119,customer119@example.com,ขอนแก่น,Accessory Model 11,Accessory,25900.0,Y,PAY000709,PromptPay,PAID,2026-02-18T11:51:00,88578.0
ORD000710,2026-02-04 05:58:00,C0032,P013,2,523.95,0.0,Web,ลูกค้า 032,customer032@example.com,ระยอง,Smart Home Model 13,Smart Home,499.0,Y,PAY000710,PromptPay,PAID,2026-02-04T07:11:00,1047.9
ORD000711,2026-02-05 05:48:00,C0002,P009,3,313.95,0.0,Marketplace,ลูกค้า 002,customer002@example.com,ชลบุรี,Notebook Model 09,Notebook,299.0,Y,PAY000711,Credit Card,PAID,2026-02-05T08:36:00,941.85
ORD000712,2026-02-27 12:33:00,C0081,P029,2,3990.0,0.1,Marketplace,ลูกค้า 081,customer081@example.com,ขอนแก่น,Notebook Model 29,Notebook,3990.0,Y,PAY000712,Bank Transfer,PAID,2026-02-27T14:34:00,7182.0
ORD000713,2026-02-18 09:46:00,C0035,P030,2,499.0,0.1,Marketplace,ลูกค้า 035,customer035@example.com,ชลบุรี,Smartphone Model 30,Smartphone,499.0,Y,PAY000713,PromptPay,PAID,2026-02-18T11:38:00,898.2
ORD000715,2026-02-24 12:52:00,C0150,P023,1,313.95,0.0,Web,ลูกค้า 150,customer150@example.com,เชียงใหม่,Accessory Model 23,Accessory,299.0,Y,PAY000715,Credit Card,PAID,2026-02-24T14:54:00,313.95
ORD000716,2026-02-19 23:59:00,C0050,P001,1,299.0,0.05,Mobile App,ลูกค้า 050,customer050@example.com,เชียงใหม่,Notebook Model 01,Notebook,299.0,Y,PAY000716,Bank Transfer,PAID,2026-02-20T00:10:00,284.05
ORD000717,2026-02-08 11:06:00,C0115,P032,4,25900.0,0.05,Marketplace,ลูกค้า 115,customer115@example.com,ระยอง,Notebook Model 32,Notebook,25900.0,Y,PAY000717,Bank Transfer,PAID,2026-02-08T12:25:00,98420.0
ORD000718,2026-02-20 02:41:00,C0011,P012,1,940.5,0.0,Marketplace,ลูกค้า 011,customer011@example.com,ชลบุรี,Accessory Model 12,Accessory,990.0,Y,PAY000718,Credit Card,PAID,2026-02-20T04:48:00,940.5
ORD000719,2026-02-06 13:15:00,C0158,P039,1,940.5,0.0,Mobile App,ลูกค้า 158,customer158@example.com,เชียงใหม่,Notebook Model 39,Notebook,990.0,N,PAY000719,Bank Transfer,PAID,2026-02-06T15:41:00,940.5
ORD000720,2026-02-23 23:02:00,C0057,P039,4,940.5,0.0,Web,ลูกค้า 057,customer057@example.com,เชียงใหม่,Notebook Model 39,Notebook,990.0,N,PAY000720,Credit Card,PAID,2026-02-24T00:28:00,3762.0
ORD000721,2026-02-09 12:51:00,C0032,P010,3,990.0,0.0,Web,ลูกค้า 032,customer032@example.com,ระยอง,Smart Home Model 10,Smart Home,990.0,Y,PAY000721,Credit Card,PAID,2026-02-09T14:42:00,2970.0
ORD000722,2026-02-04 10:53:00,C0035,P019,1,4189.5,0.0,Mobile App,ลูกค้า 035,customer035@example.com,ชลบุรี,Smartphone Model 19,Smartphone,3990.0,Y,PAY000722,Credit Card,PAID,2026-02-04T11:07:00,4189.5
ORD000723,2026-02-16 16:06:00,C0112,P006,2,284.05,0.0,Mobile App,ลูกค้า 112,customer112@example.com,กรุงเทพมหานคร,Accessory Model 06,Accessory,299.0,Y,PAY000723,PromptPay,PAID,2026-02-16T18:26:00,568.1
ORD000724,2026-02-12 23:57:00,C0043,P018,1,3990.0,0.0,Web,ลูกค้า 043,customer043@example.com,ระยอง,Smartphone Model 18,Smartphone,3990.0,Y,PAY000724,Bank Transfer,PAID,2026-02-13T02:17:00,3990.0
ORD000725,2026-02-24 12:26:00,C0078,P020,1,499.0,0.0,Web,ลูกค้า 078,customer078@example.com,ระยอง,Smart Home Model 20,Smart Home,499.0,Y,PAY000725,Credit Card,PAID,2026-02-24T12:33:00,499.0
ORD000726,2026-02-15 13:06:00,C0062,P036,1,313.95,0.0,Mobile App,ลูกค้า 062,customer062@example.com,ระยอง,Notebook Model 36,Notebook,299.0,Y,PAY000726,PromptPay,PAID,2026-02-15T14:11:00,313.95
ORD000728,2026-02-11 00:52:00,C0111,P010,2,940.5,0.05,Web,ลูกค้า 111,customer111@example.com,ขอนแก่น,Smart Home Model 10,Smart Home,990.0,Y,PAY000728,Bank Transfer,PAID,2026-02-11T01:12:00,1786.95
ORD000729,2026-02-16 22:43:00,C0064,P040,3,3591.0,0.05,Mobile App,ลูกค้า 064,customer064@example.com,ขอนแก่น,Accessory Model 40,Accessory,3990.0,N,PAY000729,PromptPay,PAID,2026-02-17T01:19:00,10234.35
ORD000730,2026-02-22 02:03:00,C0042,P010,1,990.0,0.0,Web,ลูกค้า 042,customer042@example.com,ระยอง,Smart Home Model 10,Smart Home,990.0,Y,PAY000730,Bank Transfer,PAID,2026-02-22T04:14:00,990.0
ORD000731,2026-02-20 20:06:00,C0156,P007,1,23310.0,0.0,Mobile App,ลูกค้า 156,customer156@example.com,กรุงเทพมหานคร,Notebook Model 07,Notebook,25900.0,Y,PAY000731,PromptPay,PAID,2026-02-20T21:21:00,23310.0
ORD000732,2026-02-22 09:06:00,C0019,P021,2,25900.0,0.0,Mobile App,ลูกค้า 019,customer019@example.com,ระยอง,Smart Home Model 21,Smart Home,25900.0,Y,PAY000732,Credit Card,PAID,2026-02-22T10:46:00,51800.0
ORD000733,2026-02-20 07:18:00,C0030,P022,2,499.0,0.0,Marketplace,ลูกค้า 030,customer030@example.com,ชลบุรี,Accessory Model 22,Accessory,499.0,Y,PAY000733,PromptPay,PAID,2026-02-20T09:18:00,998.0
ORD000735,2026-02-16 16:19:00,C0092,P032,1,25900.0,0.0,Web,ลูกค้า 092,customer092@example.com,กรุงเทพมหานคร,Notebook Model 32,Notebook,25900.0,Y,PAY000735,Credit Card,PAID,2026-02-16T17:19:00,25900.0
ORD000736,2026-02-27 17:04:00,C0022,P003,1,25900.0,0.1,Mobile App,ลูกค้า 022,customer022@example.com,กรุงเทพมหานคร,Smartphone Model 03,Smartphone,25900.0,Y,PAY000736,Bank Transfer,PAID,2026-02-27T18:57:00,23310.0
ORD000737,2026-02-25 13:07:00,C0003,P032,1,25900.0,0.0,Web,ลูกค้า 003,customer003@example.com,ขอนแก่น,Notebook Model 32,Notebook,25900.0,Y,PAY000737,Credit Card,PAID,2026-02-25T13:39:00,25900.0
ORD000738,2026-02-10 06:24:00,C0105,P024,2,313.95,0.05,Mobile App,ลูกค้า 105,customer105@example.com,ภูเก็ต,Accessory Model 24,Accessory,299.0,Y,PAY000738,Bank Transfer,PAID,2026-02-10T07:53:00,596.5
ORD000739,2026-02-10 10:59:00,C0114,P035,2,27195.0,0.0,Marketplace,ลูกค้า 114,customer114@example.com,เชียงใหม่,Accessory Model 35,Accessory,25900.0,Y,PAY000739,Credit Card,PAID,2026-02-10T13:35:00,54390.0
ORD000740,2026-02-08 18:37:00,C0012,P015,2,284.05,0.05,Marketplace,ลูกค้า 012,customer012@example.com,ขอนแก่น,Notebook Model 15,Notebook,299.0,Y,PAY000740,Bank Transfer,PAID,2026-02-08T18:49:00,539.7
ORD000741,2026-02-19 02:17:00,C0145,P024,2,313.95,0.0,Marketplace,ลูกค้า 145,,ภูเก็ต,Accessory Model 24,Accessory,299.0,Y,PAY000741,PromptPay,PAID,2026-02-19T05:03:00,627.9
ORD000743,2026-02-14 15:45:00,C0041,P005,1,299.0,0.05,Marketplace,ลูกค้า 041,customer041@example.com,ระยอง,Smartphone Model 05,Smartphone,299.0,Y,PAY000743,PromptPay,PAID,2026-02-14T17:19:00,284.05
ORD000744,2026-02-26 07:55:00,C0148,P026,1,12255.0,0.0,Mobile App,ลูกค้า 148,customer148@example.com,เชียงใหม่,Smart Home Model 26,Smart Home,12900.0,Y,PAY000744,PromptPay,PAID,2026-02-26T10:43:00,12255.0
ORD000745,2026-02-13 18:44:00,C0045,P037,2,25900.0,0.0,Mobile App,ลูกค้า 045,customer045@example.com,เชียงใหม่,Smart Home Model 37,Smart Home,25900.0,Y,PAY000745,Credit Card,PAID,2026-02-13T20:55:00,51800.0
ORD000746,2026-02-24 06:03:00,C0148,P011,1,27195.0,0.0,Marketplace,ลูกค้า 148,customer148@example.com,เชียงใหม่,Accessory Model 11,Accessory,25900.0,Y,PAY000746,Bank Transfer,PAID,2026-02-24T07:16:00,27195.0
ORD000747,2026-02-25 20:17:00,C0147,P035,4,25900.0,0.05,Web,ลูกค้า 147,customer147@example.com,ชลบุรี,Accessory Model 35,Accessory,25900.0,Y,PAY000747,PromptPay,PAID,2026-02-25T20:28:00,98420.0
ORD000748,2026-02-16 22:38:00,C0150,P003,4,25900.0,0.05,Mobile App,ลูกค้า 150,customer150@example.com,เชียงใหม่,Smartphone Model 03,Smartphone,25900.0,Y,PAY000748,Credit Card,PAID,2026-02-17T00:27:00,98420.0
ORD000749,2026-02-27 04:04:00,C0148,P024,2,269.1,0.05,Marketplace,ลูกค้า 148,customer148@example.com,เชียงใหม่,Accessory Model 24,Accessory,299.0,Y,PAY000749,PromptPay,PAID,2026-02-27T06:12:00,511.29
ORD000750,2026-02-17 15:20:00,C0115,P002,4,1490.0,0.0,Web,ลูกค้า 115,customer115@example.com,ระยอง,Smartphone Model 02,Smartphone,1490.0,Y,PAY000750,Credit Card,PAID,2026-02-17T17:50:00,5960.0
ORD000416,2026-02-06 05:45:00,C0109,P023,2,299.0,0.0,Mobile App,ลูกค้า 109,customer109@example.com,กรุงเทพมหานคร,Accessory Model 23,Accessory,299.0,Y,PAY000416,Bank Transfer,PAID,2026-02-06T07:35:00,598.0
